Workbook

Sheet Result
A1: MKS
A2: Current Peak Hour Eps | B2: Increase | C2: Expected EPS/Core | D2: Predicted Avg-LogCPU | E2: CPU | F2: STD | G2: 45 | H2: 50 | I2: 55 | J2: 60 | K2: 65 | L2: 70 | M2: 75 | N2: 80 | O2: 85 | P2: 90 | Q2: 95 | R2: 100
A3: 48 | B3: =C3/A3 -> 1.1458333 | C3: 55 | D3: =CG!$L$2555*C3^3+CG!$M$2555*C3^2+CG!$N$2555*C3+CG!$O$2555 -> 3.9673119 | E3: =EXP(D3) -> 52.842293 | F3: 0.02602383 | G3: =NORMDIST(LN(G$2),$D3,$F3,TRUE) -> 3.3468257e-10 | H3: =NORMDIST(LN(H$2),$D3,$F3,TRUE) -> 0.016812185 | I3: =NORMDIST(LN(I$2),$D3,$F3,TRUE) -> 0.93796 | J3: =NORMDIST(LN(J$2),$D3,$F3,TRUE) -> 0.99999947 | K3: =NORMDIST(LN(K$2),$D3,$F3,TRUE) -> 1 | L3: =NORMDIST(LN(L$2),$D3,$F3,TRUE) -> 1 | M3: =NORMDIST(LN(M$2),$D3,$F3,TRUE) -> 1 | N3: =NORMDIST(LN(N$2),$D3,$F3,TRUE) -> 1 | ... R3: =NORMDIST(LN(R$2),$D3,$F3,TRUE) -> 1
A4: 48 | B4: =C4/A4 -> 1.1666667 | C4: =C3+1 -> 56 | D4: =CG!$L$2555*C4^3+CG!$M$2555*C4^2+CG!$N$2555*C4+CG!$O$2555 -> 3.9945635 | E4: =EXP(D4) -> 54.302133 | F4: 0.02602383 | G4: =NORMDIST(LN(G$2),$D4,$F4,TRUE) -> 2.5928048e-13 | H4: =NORMDIST(LN(H$2),$D4,$F4,TRUE) -> 0.00075767541 | I4: =NORMDIST(LN(I$2),$D4,$F4,TRUE) -> 0.68817777 | J4: =NORMDIST(LN(J$2),$D4,$F4,TRUE) -> 0.99993702 | K4: =NORMDIST(LN(K$2),$D4,$F4,TRUE) -> 1 | L4: =NORMDIST(LN(L$2),$D4,$F4,TRUE) -> 1 | M4: =NORMDIST(LN(M$2),$D4,$F4,TRUE) -> 1 | N4: =NORMDIST(LN(N$2),$D4,$F4,TRUE) -> 1 | ... R4: =NORMDIST(LN(R$2),$D4,$F4,TRUE) -> 1
A5: 48 | B5: =C5/A5 -> 1.1875 | C5: =C4+1 -> 57 | D5: =CG!$L$2555*C5^3+CG!$M$2555*C5^2+CG!$N$2555*C5+CG!$O$2555 -> 4.0235108 | E5: =EXP(D5) -> 55.897005 | F5: 0.02602383 | G5: =NORMDIST(LN(G$2),$D5,$F5,TRUE) -> 3.9515465e-17 | H5: =NORMDIST(LN(H$2),$D5,$F5,TRUE) -> 9.1754346e-06 | I5: =NORMDIST(LN(I$2),$D5,$F5,TRUE) -> 0.26708722 | J5: =NORMDIST(LN(J$2),$D5,$F5,TRUE) -> 0.99675442 | K5: =NORMDIST(LN(K$2),$D5,$F5,TRUE) -> 1 | L5: =NORMDIST(LN(L$2),$D5,$F5,TRUE) -> 1 | M5: =NORMDIST(LN(M$2),$D5,$F5,TRUE) -> 1 | N5: =NORMDIST(LN(N$2),$D5,$F5,TRUE) -> 1 | ... R5: =NORMDIST(LN(R$2),$D5,$F5,TRUE) -> 1
A6: 48 | B6: =C6/A6 -> 1.2083333 | C6: =C5+1 -> 58 | D6: =CG!$L$2555*C6^3+CG!$M$2555*C6^2+CG!$N$2555*C6+CG!$O$2555 -> 4.054322 | E6: =EXP(D6) -> 57.646064 | F6: 0.02602383 | G6: =NORMDIST(LN(G$2),$D6,$F6,TRUE) -> 8.9432835e-22 | H6: =NORMDIST(LN(H$2),$D6,$F6,TRUE) -> 2.2753869e-08 | I6: =NORMDIST(LN(I$2),$D6,$F6,TRUE) -> 0.03548997 | J6: =NORMDIST(LN(J$2),$D6,$F6,TRUE) -> 0.93796605 | K6: =NORMDIST(LN(K$2),$D6,$F6,TRUE) -> 0.99999802 | L6: =NORMDIST(LN(L$2),$D6,$F6,TRUE) -> 1 | M6: =NORMDIST(LN(M$2),$D6,$F6,TRUE) -> 1 | N6: =NORMDIST(LN(N$2),$D6,$F6,TRUE) -> 1 | ... R6: =NORMDIST(LN(R$2),$D6,$F6,TRUE) -> 1
A7: 48 | B7: =C7/A7 -> 1.2291667 | C7: =C6+1 -> 59 | D7: =CG!$L$2555*C7^3+CG!$M$2555*C7^2+CG!$N$2555*C7+CG!$O$2555 -> 4.0871652 | E7: =EXP(D7) -> 59.57078 | F7: 0.02602383 | G7: =NORMDIST(LN(G$2),$D7,$F7,TRUE) -> 2.1702136e-27 | H7: =NORMDIST(LN(H$2),$D7,$F7,TRUE) -> 8.4791335e-12 | I7: =NORMDIST(LN(I$2),$D7,$F7,TRUE) -> 0.0010787471 | J7: =NORMDIST(LN(J$2),$D7,$F7,TRUE) -> 0.60867884 | K7: =NORMDIST(LN(K$2),$D7,$F7,TRUE) -> 0.9995983 | L7: =NORMDIST(LN(L$2),$D7,$F7,TRUE) -> 1 | M7: =NORMDIST(LN(M$2),$D7,$F7,TRUE) -> 1 | N7: =NORMDIST(LN(N$2),$D7,$F7,TRUE) -> 1 | ... R7: =NORMDIST(LN(R$2),$D7,$F7,TRUE) -> 1
A8: 48 | B8: =C8/A8 -> 1.25 | C8: =C7+1 -> 60 | D8: =CG!$L$2555*C8^3+CG!$M$2555*C8^2+CG!$N$2555*C8+CG!$O$2555 -> 4.1222086 | E8: =EXP(D8) -> 61.695355 | F8: 0.02602383 | G8: =NORMDIST(LN(G$2),$D8,$F8,TRUE) -> 3.8798641e-34 | H8: =NORMDIST(LN(H$2),$D8,$F8,TRUE) -> 3.3282308e-16 | I8: =NORMDIST(LN(I$2),$D8,$F8,TRUE) -> 5.0682496e-06 | J8: =NORMDIST(LN(J$2),$D8,$F8,TRUE) -> 0.142149 | K8: =NORMDIST(LN(K$2),$D8,$F8,TRUE) -> 0.97752021 | L8: =NORMDIST(LN(L$2),$D8,$F8,TRUE) -> 0.99999939 | M8: =NORMDIST(LN(M$2),$D8,$F8,TRUE) -> 1 | N8: =NORMDIST(LN(N$2),$D8,$F8,TRUE) -> 1 | ... R8: =NORMDIST(LN(R$2),$D8,$F8,TRUE) -> 1
A9: 48 | B9: =C9/A9 -> 1.2708333 | C9: =C8+1 -> 61 | D9: =CG!$L$2555*C9^3+CG!$M$2555*C9^2+CG!$N$2555*C9+CG!$O$2555 -> 4.1596206 | E9: =EXP(D9) -> 64.047215 | F9: 0.02602383 | G9: =NORMDIST(LN(G$2),$D9,$F9,TRUE) -> 3.3237385e-42 | H9: =NORMDIST(LN(H$2),$D9,$F9,TRUE) -> 9.1503345e-22 | I9: =NORMDIST(LN(I$2),$D9,$F9,TRUE) -> 2.4307779e-09 | J9: =NORMDIST(LN(J$2),$D9,$F9,TRUE) -> 0.0060654056 | K9: =NORMDIST(LN(K$2),$D9,$F9,TRUE) -> 0.71478915 | L9: =NORMDIST(LN(L$2),$D9,$F9,TRUE) -> 0.99968124 | M9: =NORMDIST(LN(M$2),$D9,$F9,TRUE) -> 1 | N9: =NORMDIST(LN(N$2),$D9,$F9,TRUE) -> 1 | ... R9: =NORMDIST(LN(R$2),$D9,$F9,TRUE) -> 1
A10: 48 | B10: =C10/A10 -> 1.2916667 | C10: =C9+1 -> 62 | D10: =CG!$L$2555*C10^3+CG!$M$2555*C10^2+CG!$N$2555*C10+CG!$O$2555 -> 4.1995691 | E10: =EXP(D10) -> 66.657602 | F10: 0.02602383 | G10: =NORMDIST(LN(G$2),$D10,$F10,TRUE) -> 8.3517307e-52 | H10: =NORMDIST(LN(H$2),$D10,$F10,TRUE) -> 1.1041871e-28 | I10: =NORMDIST(LN(I$2),$D10,$F10,TRUE) -> 7.5135261e-14 | J10: =NORMDIST(LN(J$2),$D10,$F10,TRUE) -> 2.6341749e-05 | K10: =NORMDIST(LN(K$2),$D10,$F10,TRUE) -> 0.16661082 | L10: =NORMDIST(LN(L$2),$D10,$F10,TRUE) -> 0.96994947 | M10: =NORMDIST(LN(M$2),$D10,$F10,TRUE) -> 0.99999707 | N10: =NORMDIST(LN(N$2),$D10,$F10,TRUE) -> 1 | ... R10: =NORMDIST(LN(R$2),$D10,$F10,TRUE) -> 1
A11: 48 | B11: =C11/A11 -> 1.3125 | C11: =C10+1 -> 63 | D11: =CG!$L$2555*C11^3+CG!$M$2555*C11^2+CG!$N$2555*C11+CG!$O$2555 -> 4.2422225 | E11: =EXP(D11) -> 69.562281 | F11: 0.02602383 | G11: =NORMDIST(LN(G$2),$D11,$F11,TRUE) -> 3.5244673e-63 | H11: =NORMDIST(LN(H$2),$D11,$F11,TRUE) -> 3.4307884e-37 | I11: =NORMDIST(LN(I$2),$D11,$F11,TRUE) -> 8.9086882e-20 | J11: =NORMDIST(LN(J$2),$D11,$F11,TRUE) -> 6.6407187e-09 | K11: =NORMDIST(LN(K$2),$D11,$F11,TRUE) -> 0.0045715379 | L11: =NORMDIST(LN(L$2),$D11,$F11,TRUE) -> 0.59523757 | M11: =NORMDIST(LN(M$2),$D11,$F11,TRUE) -> 0.99808711 | N11: =NORMDIST(LN(N$2),$D11,$F11,TRUE) -> 0.99999996 | ... R11: =NORMDIST(LN(R$2),$D11,$F11,TRUE) -> 1
A12: 48 | B12: =C12/A12 -> 1.3333333 | C12: =C11+1 -> 64 | D12: =CG!$L$2555*C12^3+CG!$M$2555*C12^2+CG!$N$2555*C12+CG!$O$2555 -> 4.2877489 | E12: =EXP(D12) -> 72.802398 | F12: 0.02602383 | G12: =NORMDIST(LN(G$2),$D12,$F12,TRUE) -> 1.3290665e-76 | H12: =NORMDIST(LN(H$2),$D12,$F12,TRUE) -> 1.4970207e-47 | I12: =NORMDIST(LN(I$2),$D12,$F12,TRUE) -> 2.2504989e-27 | J12: =NORMDIST(LN(J$2),$D12,$F12,TRUE) -> 5.3558201e-14 | K12: =NORMDIST(LN(K$2),$D12,$F12,TRUE) -> 6.6209279e-06 | L12: =NORMDIST(LN(L$2),$D12,$F12,TRUE) -> 0.065729512 | M12: =NORMDIST(LN(M$2),$D12,$F12,TRUE) -> 0.87343271 | N12: =NORMDIST(LN(N$2),$D12,$F12,TRUE) -> 0.99985425 | ... R12: =NORMDIST(LN(R$2),$D12,$F12,TRUE) -> 1
A13: 48 | B13: =C13/A13 -> 1.3541667 | C13: =C12+1 -> 65 | D13: =CG!$L$2555*C13^3+CG!$M$2555*C13^2+CG!$N$2555*C13+CG!$O$2555 -> 4.3363165 | E13: =EXP(D13) -> 76.425509 | F13: 0.02602383 | G13: =NORMDIST(LN(G$2),$D13,$F13,TRUE) -> 2.1989993e-92 | H13: =NORMDIST(LN(H$2),$D13,$F13,TRUE) -> 4.6191034e-60 | I13: =NORMDIST(LN(I$2),$D13,$F13,TRUE) -> 6.2232539e-37 | J13: =NORMDIST(LN(J$2),$D13,$F13,TRUE) -> 7.1494465e-21 | K13: =NORMDIST(LN(K$2),$D13,$F13,TRUE) -> 2.4488918e-10 | L13: =NORMDIST(LN(L$2),$D13,$F13,TRUE) -> 0.00036955013 | M13: =NORMDIST(LN(M$2),$D13,$F13,TRUE) -> 0.2346844 | N13: =NORMDIST(LN(N$2),$D13,$F13,TRUE) -> 0.96049602 | ... R13: =NORMDIST(LN(R$2),$D13,$F13,TRUE) -> 1
A14: 48 | B14: =C14/A14 -> 1.375 | C14: =C13+1 -> 66 | D14: =CG!$L$2555*C14^3+CG!$M$2555*C14^2+CG!$N$2555*C14+CG!$O$2555 -> 4.3880936 | E14: =EXP(D14) -> 80.48683 | F14: 0.02602383 | G14: =NORMDIST(LN(G$2),$D14,$F14,TRUE) -> 7.1802357e-111 | H14: =NORMDIST(LN(H$2),$D14,$F14,TRUE) -> 4.6497141e-75 | I14: =NORMDIST(LN(I$2),$D14,$F14,TRUE) -> 8.8787243e-49 | J14: =NORMDIST(LN(J$2),$D14,$F14,TRUE) -> 7.5473369e-30 | K14: =NORMDIST(LN(K$2),$D14,$F14,TRUE) -> 1.0881574e-16 | L14: =NORMDIST(LN(L$2),$D14,$F14,TRUE) -> 4.0643172e-08 | M14: =NORMDIST(LN(M$2),$D14,$F14,TRUE) -> 0.0033327717 | N14: =NORMDIST(LN(N$2),$D14,$F14,TRUE) -> 0.40783025 | ... R14: =NORMDIST(LN(R$2),$D14,$F14,TRUE) -> 1
A15: 48 | B15: =C15/A15 -> 1.3958333 | C15: =C14+1 -> 67 | D15: =CG!$L$2555*C15^3+CG!$M$2555*C15^2+CG!$N$2555*C15+CG!$O$2555 -> 4.4432482 | E15: =EXP(D15) -> 85.050758 | F15: 0.02602383 | G15: =NORMDIST(LN(G$2),$D15,$F15,TRUE) -> 1.891651e-132 | H15: =NORMDIST(LN(H$2),$D15,$F15,TRUE) -> 6.4046608e-93 | I15: =NORMDIST(LN(I$2),$D15,$F15,TRUE) -> 2.8024159e-63 | J15: =NORMDIST(LN(J$2),$D15,$F15,TRUE) -> 2.7478985e-41 | K15: =NORMDIST(LN(K$2),$D15,$F15,TRUE) -> 2.5423481e-25 | L15: =NORMDIST(LN(L$2),$D15,$F15,TRUE) -> 3.6145841e-14 | M15: =NORMDIST(LN(M$2),$D15,$F15,TRUE) -> 6.7415192e-07 | N15: =NORMDIST(LN(N$2),$D15,$F15,TRUE) -> 0.009323334 | ... R15: =NORMDIST(LN(R$2),$D15,$F15,TRUE) -> 1
... A23: 48 | B23: =C23/A23 -> 1.5625 | C23: =C22+1 -> 75 | D23: =CG!$L$2555*C23^3+CG!$M$2555*C23^2+CG!$N$2555*C23+CG!$O$2555 -> 5.0262628 | E23: =EXP(D23) -> 152.36254 | F23: 0.02602383 | G23: =NORMDIST(LN(G$2),$D23,$F23,TRUE) -> 0 | H23: =NORMDIST(LN(H$2),$D23,$F23,TRUE) -> 0 | I23: =NORMDIST(LN(I$2),$D23,$F23,TRUE) -> 0 | J23: =NORMDIST(LN(J$2),$D23,$F23,TRUE) -> 3.8333129e-281 | K23: =NORMDIST(LN(K$2),$D23,$F23,TRUE) -> 2.5279741e-235 | L23: =NORMDIST(LN(L$2),$D23,$F23,TRUE) -> 1.4630033e-196 | M23: =NORMDIST(LN(M$2),$D23,$F23,TRUE) -> 1.2306864e-163 | N23: =NORMDIST(LN(N$2),$D23,$F23,TRUE) -> 1.3484041e-135 | ... R23: =NORMDIST(LN(R$2),$D23,$F23,TRUE) -> 3.4313624e-59
A26: TBS
A27: Current Peak Hour Eps | B27: Increase | C27: Expected EPS/Core | D27: Predicted Avg-LogCPU | E27: CPU | F27: STD | G27: 45 | H27: 50 | I27: 55 | J27: 60 | K27: 65 | L27: 70 | M27: 75 | N27: 80 | O27: 85 | P27: 90 | Q27: 95 | R27: 100
A28: 38 | B28: =C28/A28 -> 1.4473684 | C28: 55 | D28: =CG!$L$2555*C28^3+CG!$M$2555*C28^2+CG!$N$2555*C28+CG!$O$2555 -> 3.9673119 | E28: =EXP(D28) -> 52.842293 | F28: 0.02602383 | G28: =NORMDIST(LN(G$27),$D28,$F28,TRUE) -> 3.3468257e-10 | H28: =NORMDIST(LN(H$27),$D28,$F28,TRUE) -> 0.016812185 | I28: =NORMDIST(LN(I$27),$D28,$F28,TRUE) -> 0.93796 | J28: =NORMDIST(LN(J$27),$D28,$F28,TRUE) -> 0.99999947 | K28: =NORMDIST(LN(K$27),$D28,$F28,TRUE) -> 1 | L28: =NORMDIST(LN(L$27),$D28,$F28,TRUE) -> 1 | M28: =NORMDIST(LN(M$27),$D28,$F28,TRUE) -> 1 | N28: =NORMDIST(LN(N$27),$D28,$F28,TRUE) -> 1 | ... R28: =NORMDIST(LN(R$27),$D28,$F28,TRUE) -> 1
A29: 38 | B29: =C29/A29 -> 1.4736842 | C29: =C28+1 -> 56 | D29: =CG!$L$2555*C29^3+CG!$M$2555*C29^2+CG!$N$2555*C29+CG!$O$2555 -> 3.9945635 | E29: =EXP(D29) -> 54.302133 | F29: 0.02602383 | G29: =NORMDIST(LN(G$27),$D29,$F29,TRUE) -> 2.5928048e-13 | H29: =NORMDIST(LN(H$27),$D29,$F29,TRUE) -> 0.00075767541 | I29: =NORMDIST(LN(I$27),$D29,$F29,TRUE) -> 0.68817777 | J29: =NORMDIST(LN(J$27),$D29,$F29,TRUE) -> 0.99993702 | K29: =NORMDIST(LN(K$27),$D29,$F29,TRUE) -> 1 | L29: =NORMDIST(LN(L$27),$D29,$F29,TRUE) -> 1 | M29: =NORMDIST(LN(M$27),$D29,$F29,TRUE) -> 1 | N29: =NORMDIST(LN(N$27),$D29,$F29,TRUE) -> 1 | ... R29: =NORMDIST(LN(R$27),$D29,$F29,TRUE) -> 1
A30: 38 | B30: =C30/A30 -> 1.5 | C30: =C29+1 -> 57 | D30: =CG!$L$2555*C30^3+CG!$M$2555*C30^2+CG!$N$2555*C30+CG!$O$2555 -> 4.0235108 | E30: =EXP(D30) -> 55.897005 | F30: 0.02602383 | G30: =NORMDIST(LN(G$27),$D30,$F30,TRUE) -> 3.9515465e-17 | H30: =NORMDIST(LN(H$27),$D30,$F30,TRUE) -> 9.1754346e-06 | I30: =NORMDIST(LN(I$27),$D30,$F30,TRUE) -> 0.26708722 | J30: =NORMDIST(LN(J$27),$D30,$F30,TRUE) -> 0.99675442 | K30: =NORMDIST(LN(K$27),$D30,$F30,TRUE) -> 1 | L30: =NORMDIST(LN(L$27),$D30,$F30,TRUE) -> 1 | M30: =NORMDIST(LN(M$27),$D30,$F30,TRUE) -> 1 | N30: =NORMDIST(LN(N$27),$D30,$F30,TRUE) -> 1 | ... R30: =NORMDIST(LN(R$27),$D30,$F30,TRUE) -> 1
A31: 38 | B31: =C31/A31 -> 1.5263158 | C31: =C30+1 -> 58 | D31: =CG!$L$2555*C31^3+CG!$M$2555*C31^2+CG!$N$2555*C31+CG!$O$2555 -> 4.054322 | E31: =EXP(D31) -> 57.646064 | F31: 0.02602383 | G31: =NORMDIST(LN(G$27),$D31,$F31,TRUE) -> 8.9432835e-22 | H31: =NORMDIST(LN(H$27),$D31,$F31,TRUE) -> 2.2753869e-08 | I31: =NORMDIST(LN(I$27),$D31,$F31,TRUE) -> 0.03548997 | J31: =NORMDIST(LN(J$27),$D31,$F31,TRUE) -> 0.93796605 | K31: =NORMDIST(LN(K$27),$D31,$F31,TRUE) -> 0.99999802 | L31: =NORMDIST(LN(L$27),$D31,$F31,TRUE) -> 1 | M31: =NORMDIST(LN(M$27),$D31,$F31,TRUE) -> 1 | N31: =NORMDIST(LN(N$27),$D31,$F31,TRUE) -> 1 | ... R31: =NORMDIST(LN(R$27),$D31,$F31,TRUE) -> 1
A32: 38 | B32: =C32/A32 -> 1.5526316 | C32: =C31+1 -> 59 | D32: =CG!$L$2555*C32^3+CG!$M$2555*C32^2+CG!$N$2555*C32+CG!$O$2555 -> 4.0871652 | E32: =EXP(D32) -> 59.57078 | F32: 0.02602383 | G32: =NORMDIST(LN(G$27),$D32,$F32,TRUE) -> 2.1702136e-27 | H32: =NORMDIST(LN(H$27),$D32,$F32,TRUE) -> 8.4791335e-12 | I32: =NORMDIST(LN(I$27),$D32,$F32,TRUE) -> 0.0010787471 | J32: =NORMDIST(LN(J$27),$D32,$F32,TRUE) -> 0.60867884 | K32: =NORMDIST(LN(K$27),$D32,$F32,TRUE) -> 0.9995983 | L32: =NORMDIST(LN(L$27),$D32,$F32,TRUE) -> 1 | M32: =NORMDIST(LN(M$27),$D32,$F32,TRUE) -> 1 | N32: =NORMDIST(LN(N$27),$D32,$F32,TRUE) -> 1 | ... R32: =NORMDIST(LN(R$27),$D32,$F32,TRUE) -> 1
A33: 38 | B33: =C33/A33 -> 1.5789474 | C33: =C32+1 -> 60 | D33: =CG!$L$2555*C33^3+CG!$M$2555*C33^2+CG!$N$2555*C33+CG!$O$2555 -> 4.1222086 | E33: =EXP(D33) -> 61.695355 | F33: 0.02602383 | G33: =NORMDIST(LN(G$27),$D33,$F33,TRUE) -> 3.8798641e-34 | H33: =NORMDIST(LN(H$27),$D33,$F33,TRUE) -> 3.3282308e-16 | I33: =NORMDIST(LN(I$27),$D33,$F33,TRUE) -> 5.0682496e-06 | J33: =NORMDIST(LN(J$27),$D33,$F33,TRUE) -> 0.142149 | K33: =NORMDIST(LN(K$27),$D33,$F33,TRUE) -> 0.97752021 | L33: =NORMDIST(LN(L$27),$D33,$F33,TRUE) -> 0.99999939 | M33: =NORMDIST(LN(M$27),$D33,$F33,TRUE) -> 1 | N33: =NORMDIST(LN(N$27),$D33,$F33,TRUE) -> 1 | ... R33: =NORMDIST(LN(R$27),$D33,$F33,TRUE) -> 1
A34: 38 | B34: =C34/A34 -> 1.6052632 | C34: =C33+1 -> 61 | D34: =CG!$L$2555*C34^3+CG!$M$2555*C34^2+CG!$N$2555*C34+CG!$O$2555 -> 4.1596206 | E34: =EXP(D34) -> 64.047215 | F34: 0.02602383 | G34: =NORMDIST(LN(G$27),$D34,$F34,TRUE) -> 3.3237385e-42 | H34: =NORMDIST(LN(H$27),$D34,$F34,TRUE) -> 9.1503345e-22 | I34: =NORMDIST(LN(I$27),$D34,$F34,TRUE) -> 2.4307779e-09 | J34: =NORMDIST(LN(J$27),$D34,$F34,TRUE) -> 0.0060654056 | K34: =NORMDIST(LN(K$27),$D34,$F34,TRUE) -> 0.71478915 | L34: =NORMDIST(LN(L$27),$D34,$F34,TRUE) -> 0.99968124 | M34: =NORMDIST(LN(M$27),$D34,$F34,TRUE) -> 1 | N34: =NORMDIST(LN(N$27),$D34,$F34,TRUE) -> 1 | ... R34: =NORMDIST(LN(R$27),$D34,$F34,TRUE) -> 1
A35: 38 | B35: =C35/A35 -> 1.6315789 | C35: =C34+1 -> 62 | D35: =CG!$L$2555*C35^3+CG!$M$2555*C35^2+CG!$N$2555*C35+CG!$O$2555 -> 4.1995691 | E35: =EXP(D35) -> 66.657602 | F35: 0.02602383 | G35: =NORMDIST(LN(G$27),$D35,$F35,TRUE) -> 8.3517307e-52 | H35: =NORMDIST(LN(H$27),$D35,$F35,TRUE) -> 1.1041871e-28 | I35: =NORMDIST(LN(I$27),$D35,$F35,TRUE) -> 7.5135261e-14 | J35: =NORMDIST(LN(J$27),$D35,$F35,TRUE) -> 2.6341749e-05 | K35: =NORMDIST(LN(K$27),$D35,$F35,TRUE) -> 0.16661082 | L35: =NORMDIST(LN(L$27),$D35,$F35,TRUE) -> 0.96994947 | M35: =NORMDIST(LN(M$27),$D35,$F35,TRUE) -> 0.99999707 | N35: =NORMDIST(LN(N$27),$D35,$F35,TRUE) -> 1 | ... R35: =NORMDIST(LN(R$27),$D35,$F35,TRUE) -> 1
A36: 38 | B36: =C36/A36 -> 1.6578947 | C36: =C35+1 -> 63 | D36: =CG!$L$2555*C36^3+CG!$M$2555*C36^2+CG!$N$2555*C36+CG!$O$2555 -> 4.2422225 | E36: =EXP(D36) -> 69.562281 | F36: 0.02602383 | G36: =NORMDIST(LN(G$27),$D36,$F36,TRUE) -> 3.5244673e-63 | H36: =NORMDIST(LN(H$27),$D36,$F36,TRUE) -> 3.4307884e-37 | I36: =NORMDIST(LN(I$27),$D36,$F36,TRUE) -> 8.9086882e-20 | J36: =NORMDIST(LN(J$27),$D36,$F36,TRUE) -> 6.6407187e-09 | K36: =NORMDIST(LN(K$27),$D36,$F36,TRUE) -> 0.0045715379 | L36: =NORMDIST(LN(L$27),$D36,$F36,TRUE) -> 0.59523757 | M36: =NORMDIST(LN(M$27),$D36,$F36,TRUE) -> 0.99808711 | N36: =NORMDIST(LN(N$27),$D36,$F36,TRUE) -> 0.99999996 | ... R36: =NORMDIST(LN(R$27),$D36,$F36,TRUE) -> 1
A37: 38 | B37: =C37/A37 -> 1.6842105 | C37: =C36+1 -> 64 | D37: =CG!$L$2555*C37^3+CG!$M$2555*C37^2+CG!$N$2555*C37+CG!$O$2555 -> 4.2877489 | E37: =EXP(D37) -> 72.802398 | F37: 0.02602383 | G37: =NORMDIST(LN(G$27),$D37,$F37,TRUE) -> 1.3290665e-76 | H37: =NORMDIST(LN(H$27),$D37,$F37,TRUE) -> 1.4970207e-47 | I37: =NORMDIST(LN(I$27),$D37,$F37,TRUE) -> 2.2504989e-27 | J37: =NORMDIST(LN(J$27),$D37,$F37,TRUE) -> 5.3558201e-14 | K37: =NORMDIST(LN(K$27),$D37,$F37,TRUE) -> 6.6209279e-06 | L37: =NORMDIST(LN(L$27),$D37,$F37,TRUE) -> 0.065729512 | M37: =NORMDIST(LN(M$27),$D37,$F37,TRUE) -> 0.87343271 | N37: =NORMDIST(LN(N$27),$D37,$F37,TRUE) -> 0.99985425 | ... R37: =NORMDIST(LN(R$27),$D37,$F37,TRUE) -> 1
A38: 38 | B38: =C38/A38 -> 1.7105263 | C38: =C37+1 -> 65 | D38: =CG!$L$2555*C38^3+CG!$M$2555*C38^2+CG!$N$2555*C38+CG!$O$2555 -> 4.3363165 | E38: =EXP(D38) -> 76.425509 | F38: 0.02602383 | G38: =NORMDIST(LN(G$27),$D38,$F38,TRUE) -> 2.1989993e-92 | H38: =NORMDIST(LN(H$27),$D38,$F38,TRUE) -> 4.6191034e-60 | I38: =NORMDIST(LN(I$27),$D38,$F38,TRUE) -> 6.2232539e-37 | J38: =NORMDIST(LN(J$27),$D38,$F38,TRUE) -> 7.1494465e-21 | K38: =NORMDIST(LN(K$27),$D38,$F38,TRUE) -> 2.4488918e-10 | L38: =NORMDIST(LN(L$27),$D38,$F38,TRUE) -> 0.00036955013 | M38: =NORMDIST(LN(M$27),$D38,$F38,TRUE) -> 0.2346844 | N38: =NORMDIST(LN(N$27),$D38,$F38,TRUE) -> 0.96049602 | ... R38: =NORMDIST(LN(R$27),$D38,$F38,TRUE) -> 1
A39: 38 | B39: =C39/A39 -> 1.7368421 | C39: =C38+1 -> 66 | D39: =CG!$L$2555*C39^3+CG!$M$2555*C39^2+CG!$N$2555*C39+CG!$O$2555 -> 4.3880936 | E39: =EXP(D39) -> 80.48683 | F39: 0.02602383 | G39: =NORMDIST(LN(G$27),$D39,$F39,TRUE) -> 7.1802357e-111 | H39: =NORMDIST(LN(H$27),$D39,$F39,TRUE) -> 4.6497141e-75 | I39: =NORMDIST(LN(I$27),$D39,$F39,TRUE) -> 8.8787243e-49 | J39: =NORMDIST(LN(J$27),$D39,$F39,TRUE) -> 7.5473369e-30 | K39: =NORMDIST(LN(K$27),$D39,$F39,TRUE) -> 1.0881574e-16 | L39: =NORMDIST(LN(L$27),$D39,$F39,TRUE) -> 4.0643172e-08 | M39: =NORMDIST(LN(M$27),$D39,$F39,TRUE) -> 0.0033327717 | N39: =NORMDIST(LN(N$27),$D39,$F39,TRUE) -> 0.40783025 | ... R39: =NORMDIST(LN(R$27),$D39,$F39,TRUE) -> 1
A40: 38 | B40: =C40/A40 -> 1.7631579 | C40: =C39+1 -> 67 | D40: =CG!$L$2555*C40^3+CG!$M$2555*C40^2+CG!$N$2555*C40+CG!$O$2555 -> 4.4432482 | E40: =EXP(D40) -> 85.050758 | F40: 0.02602383 | G40: =NORMDIST(LN(G$27),$D40,$F40,TRUE) -> 1.891651e-132 | H40: =NORMDIST(LN(H$27),$D40,$F40,TRUE) -> 6.4046608e-93 | I40: =NORMDIST(LN(I$27),$D40,$F40,TRUE) -> 2.8024159e-63 | J40: =NORMDIST(LN(J$27),$D40,$F40,TRUE) -> 2.7478985e-41 | K40: =NORMDIST(LN(K$27),$D40,$F40,TRUE) -> 2.5423481e-25 | L40: =NORMDIST(LN(L$27),$D40,$F40,TRUE) -> 3.6145841e-14 | M40: =NORMDIST(LN(M$27),$D40,$F40,TRUE) -> 6.7415192e-07 | N40: =NORMDIST(LN(N$27),$D40,$F40,TRUE) -> 0.009323334 | ... R40: =NORMDIST(LN(R$27),$D40,$F40,TRUE) -> 1
... A48: 38 | B48: =C48/A48 -> 1.9736842 | C48: =C47+1 -> 75 | D48: =CG!$L$2555*C48^3+CG!$M$2555*C48^2+CG!$N$2555*C48+CG!$O$2555 -> 5.0262628 | E48: =EXP(D48) -> 152.36254 | F48: 0.02602383 | G48: =NORMDIST(LN(G$27),$D48,$F48,TRUE) -> 0 | H48: =NORMDIST(LN(H$27),$D48,$F48,TRUE) -> 0 | I48: =NORMDIST(LN(I$27),$D48,$F48,TRUE) -> 0 | J48: =NORMDIST(LN(J$27),$D48,$F48,TRUE) -> 3.8333129e-281 | K48: =NORMDIST(LN(K$27),$D48,$F48,TRUE) -> 2.5279741e-235 | L48: =NORMDIST(LN(L$27),$D48,$F48,TRUE) -> 1.4630033e-196 | M48: =NORMDIST(LN(M$27),$D48,$F48,TRUE) -> 1.2306864e-163 | N48: =NORMDIST(LN(N$27),$D48,$F48,TRUE) -> 1.3484041e-135 | ... R48: =NORMDIST(LN(R$27),$D48,$F48,TRUE) -> 3.4313624e-59
C52: Current Daily Events(M) | D52: Increase | E52: Estimated Daily Events(m)
B53: MKS | C53: =377201412/1000000 -> 377.20141 | D53: 1.3 | E53: =C53*D53 -> 490.36184
B54: TBS | C54: =293274953/1000000 -> 293.27495 | D54: 1.6 | E54: =C54*D54 -> 469.23992
C55: =C53+C54 -> 670.47636 | E55: =E53+E54 -> 959.60176
B57: Subscribers | C57: 23.5 | D57: =E55/C55 -> 1.4312238 | E57: =C57*D57 -> 33.63376

Sheet Sheet1
A3: Row Labels | B3: Average of EPS/core
A4: 0.25 | B4: 16.617551
A5: 0.5 | B5: 12.983807
A6: 0.75 | B6: 10.397696
A7: 1 | B7: 8.5956629
A8: 1.25 | B8: 7.9943434
A9: 1.5 | B9: 6.5429167
A10: 1.75 | B10: 5.9156692
A11: 2 | B11: 5.1248232
A12: 2.25 | B12: 4.5439268
A13: 2.5 | B13: 3.8264962
A14: 2.75 | B14: 3.5124937
A15: 3 | B15: 3.2134659
... A99: 24 | B99: 21.788138
A100: Grand Total | B100: 24.805438

Sheet MKS Pivot
B3: Values
A4: Row Labels | B4: Average of EPS/core | C4: StdDev of EPS/core2 | D4: Average of AvgOfLogs | E4: StdDev of AvgOfLogs2 | F4: Average of CPU average (15 min) | G4: Average of LogOfAvg | H4: StdDev of LogOfAvg
A5: 0.25 | B5: 16.617551 | C5: 0.18732762 | D5: 3.5300289 | E5: 0.084911552 | F5: 38.163182 | G5: 3.6384816 | H5: 0.087773373
A6: 0.5 | B6: 12.983807 | C6: 0.15249558 | D6: 3.5560428 | E6: 0.2547839 | F6: 36.082121 | G6: 3.5579959 | H6: 0.25331059
A7: 0.75 | B7: 10.397696 | C7: 0.12482638 | D7: 2.7870498 | E7: 0.1995707 | F7: 16.814394 | G7: 2.8039753 | H7: 0.20149703
A8: 1 | B8: 8.5956629 | C8: 0.10283803 | D8: 2.6405184 | E8: 0.058205144 | F8: 14.919697 | G8: 2.7009911 | H8: 0.059603853
A9: 1.25 | B9: 7.9943434 | C9: 0.14537751 | D9: 2.4965221 | E9: 0.14906202 | F9: 12.784394 | G9: 2.5374811 | H9: 0.15391511
A10: 1.5 | B10: 6.5429167 | C10: 0.1286475 | D10: 2.6166587 | E10: 0.21129835 | F10: 14.018485 | G10: 2.6223127 | H10: 0.20993759
A11: 1.75 | B11: 5.9156692 | C11: 0.1035324 | D11: 2.3440388 | E11: 0.13197823 | F11: 11.531061 | G11: 2.4394586 | H11: 0.10791005
A12: 2 | B12: 5.1248232 | C12: 0.12055115 | D12: 2.1064919 | E12: 0.051857133 | F12: 8.264697 | G12: 2.1105152 | H12: 0.054977206
A13: 2.25 | B13: 4.5439268 | C13: 0.086123262 | D13: 2.4802769 | E13: 0.1405129 | F13: 12.41803 | G13: 2.5101047 | H13: 0.14219172
A14: 2.5 | B14: 3.8264962 | C14: 0.084263427 | D14: 2.6188589 | E14: 0.16929819 | F14: 13.998333 | G14: 2.6275897 | H14: 0.16698537
A15: 2.75 | B15: 3.5124937 | C15: 0.096014987 | D15: 2.5527535 | E15: 0.18417748 | F15: 15.416061 | G15: 2.7268151 | H15: 0.13429681
A16: 3 | B16: 3.2134659 | C16: 0.091468395 | D16: 2.4554901 | E16: 0.22082062 | F16: 12.191212 | G16: 2.482599 | H16: 0.19907981
... A99: 23.75 | B99: 24.700385 | C99: 0.31611434 | D99: 3.1654361 | E99: 0.024271341 | F99: 23.762121 | G99: 3.1678047 | H99: 0.024500876
A100: 24 | B100: 21.788138 | C100: 0.24368482 | D100: #NUM! | E100: #NUM! | F100: 21.889697 | G100: 3.085523 | H100: 0.032175155
A101: Grand Total | B101: 24.805438 | C101: 14.076122 | D101: #NUM! | E101: #NUM! | F101: 28.538007 | G101: 3.1892152 | H101: 0.65399187
A106: Row Labels | B106: Average of EPS/core | C106: StdDev of EPS/core2 | D106: Average of AvgOfLogs | E106: StdDev of AvgOfLogs2 | F106: Average of LogOfAvg | G106: StdDev of LogOfAvg
A107: 4.5 | B107: 2.5048359 | C107: 0.093153877 | D107: 1.5805976 | E107: 0.03555241 | F107: 1.5830722 | G107: 0.036064346
A108: 4 | B108: 2.5529545 | C108: 0.067588088 | D108: 1.6143943 | E108: 0.043727203 | F108: 1.6188267 | G108: 0.045904502
A109: 4.75 | B109: 2.5681944 | C109: 0.077383923 | D109: 1.5321352 | E109: 0.031635948 | F109: 1.5362173 | G109: 0.031959954
A110: 4.25 | B110: 2.6317992 | C110: 0.063368952 | D110: 1.5437297 | E110: 0.068052039 | F110: 1.5458439 | G110: 0.068765132
A111: 3.75 | B111: 2.6534912 | C111: 0.076107047 | D111: 1.7233585 | E111: 0.20928113 | F111: 1.7619733 | G111: 0.24785428
A112: 5 | B112: 2.7503788 | C112: 0.090104057 | D112: 1.6567461 | E112: 0.051002332 | F112: 1.663798 | G112: 0.054891514
A113: 3.5 | B113: 2.8181439 | C113: 0.08137587 | D113: 2.4714149 | E113: 0.23279974 | F113: 2.4834175 | G113: 0.2297942
A114: 3.25 | B114: 3.0002588 | C114: 0.091026618 | D114: 2.2973163 | E114: 0.28055547 | F114: 2.3545626 | G114: 0.25381373
A115: 5.25 | B115: 3.0957071 | C115: 0.10042369 | D115: 1.6961048 | E115: 0.071904857 | F115: 1.7006628 | G115: 0.072068996
A116: 3 | B116: 3.2134659 | C116: 0.091468395 | D116: 2.4554901 | E116: 0.22082062 | F116: 2.482599 | G116: 0.19907981
A117: 2.75 | B117: 3.5124937 | C117: 0.096014987 | D117: 2.5527535 | E117: 0.18417748 | F117: 2.7268151 | G117: 0.13429681
A118: 5.5 | B118: 3.5519886 | C118: 0.095117171 | D118: 1.818828 | E118: 0.037381585 | F118: 1.8228641 | G118: 0.037060575
... A138: 8 | B138: 20.678497 | C138: 0.15735555 | D138: 3.2666695 | E138: 0.022660888 | F138: 3.2672327 | G138: 0.022700706
A139: 24 | B139: 21.788138 | C139: 0.24368482 | D139: #NUM! | E139: #NUM! | F139: 3.085523 | G139: 0.032175155
A140: 8.25 | B140: 22.042279 | C140: 0.1730848 | D140: 3.2780477 | E140: 0.02421312 | F140: 3.2794297 | G140: 0.024328031
A141: 8.5 | B141: 23.161641 | C141: 0.18352307 | D141: 3.3147379 | E141: 0.020634933 | F141: 3.3151444 | G141: 0.020566482
A142: 8.75 | B142: 24.564514 | C142: 0.18446602 | D142: 3.3435516 | E142: 0.022878983 | F142: 3.343886 | G142: 0.022789187
A143: 23.75 | B143: 24.700385 | C143: 0.31611434 | D143: 3.1654361 | E143: 0.024271341 | F143: 3.1678047 | G143: 0.024500876
A144: 9 | B144: 25.349691 | C144: 0.20842789 | D144: 3.3814822 | E144: 0.021246996 | F144: 3.3818616 | G144: 0.021140913
A145: 9.25 | B145: 26.084943 | C145: 0.1922128 | D145: 3.3974673 | E145: 0.023236522 | F145: 3.3985329 | G145: 0.023533369
A146: 9.5 | B146: 27.186616 | C146: 0.19964808 | D146: 3.4315309 | E146: 0.023401571 | F146: 3.4319358 | G146: 0.023457097
A147: 9.75 | B147: 27.791357 | C147: 0.24912613 | D147: 3.4627728 | E147: 0.026562175 | F147: 3.4632539 | G147: 0.026546633
A148: 23.5 | B148: 28.441667 | C148: 0.21532897 | D148: 3.2973069 | E148: 0.034752031 | F148: 3.2992095 | G148: 0.034393036
A149: 10 | B149: 28.579602 | C149: 0.16213419 | D149: 3.4709956 | E149: 0.020856389 | F149: 3.4713467 | G149: 0.020893205
A150: 10.25 | B150: 29.079337 | C150: 0.24562584 | D150: 3.4920221 | E150: 0.025289097 | F150: 3.492732 | G150: 0.025340771
A151: 16.5 | B151: 29.410903 | C151: 0.25573374 | D151: 3.5172147 | E151: 0.02792133 | F151: 3.5179015 | G151: 0.027945691
... A202: 21 | B202: 51.485556 | C202: 0.37953402 | D202: 3.8744318 | E202: 0.02833682 | F202: 3.8750749 | G202: 0.02829607

Sheet MKS all data
A1: SERVER_NAME | B1: hour (rounded to 15 min) | C1: Events total (15 min) | D1: EPS/core | E1: 1 | F1: 2 | G1: 3 | H1: CPU average (15 min) | I1: LogOfAvg | J1: AvgOfLogs
A2: ocsrbmkpapp18 | B2: 4.5 | C2: 16989 | D2: =C2/15/60/8 -> 2.3595833 | E2: 4.85 | F2: 4.44 | G2: 4.94 | H2: =AVERAGE(E2:G2) -> 4.7433333 | I2: =LN(H2) -> 1.5567401 | J2: =(LN(E2)+LN(F2)+LN(G2))/3 -> 1.5556661
A3: ocsrbmkpapp10 | B3: 4.5 | C3: 17076 | D3: =C3/15/60/8 -> 2.3716667 | E3: 5.32 | F3: 4.41 | G3: 4.44 | H3: =AVERAGE(E3:G3) -> 4.7233333 | I3: =LN(H3) -> 1.5525148 | J3: =(LN(E3)+LN(F3)+LN(G3))/3 -> 1.5486675
A4: ocsrbmkpapp5 | B4: 4.5 | C4: 17161 | D4: =C4/15/60/8 -> 2.3834722 | E4: 5.44 | F4: 4.94 | G4: 4.6 | H4: =AVERAGE(E4:G4) -> 4.9933333 | I4: =LN(H4) -> 1.6081037 | J4: =(LN(E4)+LN(F4)+LN(G4))/3 -> 1.6057336
A5: ocsrbmkpapp8 | B5: 4.5 | C5: 17368 | D5: =C5/15/60/8 -> 2.4122222 | E5: 4.69 | F5: 5.42 | G5: 4.81 | H5: =AVERAGE(E5:G5) -> 4.9733333 | I5: =LN(H5) -> 1.6040903 | J5: =(LN(E5)+LN(F5)+LN(G5))/3 -> 1.6020752
A6: ocsrbmkpapp8 | B6: 4.75 | C6: 17452 | D6: =C6/15/60/8 -> 2.4238889 | E6: 3.98 | F6: 5.39 | G6: 4.69 | H6: =AVERAGE(E6:G6) -> 4.6866667 | I6: =LN(H6) -> 1.5447216 | J6: =(LN(E6)+LN(F6)+LN(G6))/3 -> 1.5370866
A7: ocsrbmkpapp3 | B7: 4.5 | C7: 17484 | D7: =C7/15/60/8 -> 2.4283333 | E7: 5.15 | F7: 4.36 | G7: 5.59 | H7: =AVERAGE(E7:G7) -> 5.0333333 | I7: =LN(H7) -> 1.6160825 | J7: =(LN(E7)+LN(F7)+LN(G7))/3 -> 1.610816
A8: ocsrbmkpapp8 | B8: 4 | C8: 17538 | D8: =C8/15/60/8 -> 2.4358333 | E8: 4.96 | F8: 5.48 | G8: 5.1 | H8: =AVERAGE(E8:G8) -> 5.18 | I8: =LN(H8) -> 1.6448051 | J8: =(LN(E8)+LN(F8)+LN(G8))/3 -> 1.6439171
A9: ocsrbmkpapp5 | B9: 4.75 | C9: 17551 | D9: =C9/15/60/8 -> 2.4376389 | E9: 4.04 | F9: 4.56 | G9: 5.02 | H9: =AVERAGE(E9:G9) -> 4.54 | I9: =LN(H9) -> 1.512927 | J9: =(LN(E9)+LN(F9)+LN(G9))/3 -> 1.5089991
A10: ocsrbmkpapp1 | B10: 4.5 | C10: 17582 | D10: =C10/15/60/8 -> 2.4419444 | E10: 4.98 | F10: 5.07 | G10: 4.8 | H10: =AVERAGE(E10:G10) -> 4.95 | I10: =LN(H10) -> 1.5993876 | J10: =(LN(E10)+LN(F10)+LN(G10))/3 -> 1.5991289
A11: ocsrbmkpapp13 | B11: 4.5 | C11: 17641 | D11: =C11/15/60/8 -> 2.4501389 | E11: 5.08 | F11: 5.04 | G11: 4.67 | H11: =AVERAGE(E11:G11) -> 4.93 | I11: =LN(H11) -> 1.595339 | J11: =(LN(E11)+LN(F11)+LN(G11))/3 -> 1.5946255
A12: ocsrbmkpapp7 | B12: 4 | C12: 17657 | D12: =C12/15/60/8 -> 2.4523611 | E12: 5.24 | F12: 4.92 | G12: 4.67 | H12: =AVERAGE(E12:G12) -> 4.9433333 | I12: =LN(H12) -> 1.5980399 | J12: =(LN(E12)+LN(F12)+LN(G12))/3 -> 1.5969297
A13: ocsrbmkpapp2 | B13: 4.5 | C13: 17715 | D13: =C13/15/60/8 -> 2.4604167 | E13: 5.05 | F13: 4.3 | G13: 4.69 | H13: =AVERAGE(E13:G13) -> 4.68 | I13: =LN(H13) -> 1.5432981 | J13: =(LN(E13)+LN(F13)+LN(G13))/3 -> 1.5411453
... A706: ocsrbmkpapp1 | B706: 24 | C706: 153286 | D706: =C706/15/60/8 -> 21.289722 | E706: 21.83 | F706: 21.73 | G706: 21.73 | H706: =AVERAGE(E706:G706) -> 21.763333 | I706: =LN(H706) -> 3.0802266 | J706: =(LN(E706)+LN(F706)+LN(G706))/3 -> 3.0802243
A707: ocsrbmkpapp14 | B707: 24 | C707: 154468 | D707: =C707/15/60/8 -> 21.453889 | E707: 23.16 | F707: 20.76 | H707: =AVERAGE(E707:G707) -> 21.96 | I707: =LN(H707) -> 3.0892226 | J707: =(LN(E707)+LN(F707)+LN(G707))/3 -> #NUM!
A708: ocsrbmkpapp20 | B708: 24 | C708: 155217 | D708: =C708/15/60/8 -> 21.557917 | E708: 23.44 | F708: 21.91 | H708: =AVERAGE(E708:G708) -> 22.675 | I708: =LN(H708) -> 3.121263 | J708: =(LN(E708)+LN(F708)+LN(G708))/3 -> #NUM!
A709: ocsrbmkpapp22 | B709: 24 | C709: 155288 | D709: =C709/15/60/8 -> 21.567778 | E709: 22.76 | F709: 20.99 | H709: =AVERAGE(E709:G709) -> 21.875 | I709: =LN(H709) -> 3.0853444 | J709: =(LN(E709)+LN(F709)+LN(G709))/3 -> #NUM!
A710: ocsrbmkpapp3 | B710: 24 | C710: 155504 | D710: =C710/15/60/8 -> 21.597778 | E710: 21.48 | F710: 20.64 | H710: =AVERAGE(E710:G710) -> 21.06 | I710: =LN(H710) -> 3.0473755 | J710: =(LN(E710)+LN(F710)+LN(G710))/3 -> #NUM!
A711: ocsrbmkpapp1 | B711: 8.25 | C711: 156072 | D711: =C711/15/60/8 -> 21.676667 | E711: 25.77 | F711: 25.16 | G711: 27.09 | H711: =AVERAGE(E711:G711) -> 26.006667 | I711: =LN(H711) -> 3.2583529 | J711: =(LN(E711)+LN(F711)+LN(G711))/3 -> 3.257877
A712: ocsrbmkpapp10 | B712: 24 | C712: 156095 | D712: =C712/15/60/8 -> 21.679861 | E712: 22.33 | F712: 20.41 | H712: =AVERAGE(E712:G712) -> 21.37 | I712: =LN(H712) -> 3.0619881 | J712: =(LN(E712)+LN(F712)+LN(G712))/3 -> #NUM!
A713: ocsrbmkpapp11 | B713: 24 | C713: 156273 | D713: =C713/15/60/8 -> 21.704583 | E713: 20.94 | F713: 19.66 | H713: =AVERAGE(E713:G713) -> 20.3 | I713: =LN(H713) -> 3.0106209 | J713: =(LN(E713)+LN(F713)+LN(G713))/3 -> #NUM!
A714: ocsrbmkpapp2 | B714: 24 | C714: 156319 | D714: =C714/15/60/8 -> 21.710972 | E714: 21.16 | F714: 21.66 | H714: =AVERAGE(E714:G714) -> 21.41 | I714: =LN(H714) -> 3.0638581 | J714: =(LN(E714)+LN(F714)+LN(G714))/3 -> #NUM!
A715: ocsrbmkpapp17 | B715: 24 | C715: 156345 | D715: =C715/15/60/8 -> 21.714583 | E715: 23.13 | F715: 21.23 | H715: =AVERAGE(E715:G715) -> 22.18 | I715: =LN(H715) -> 3.099191 | J715: =(LN(E715)+LN(F715)+LN(G715))/3 -> #NUM!
A716: ocsrbmkpapp6 | B716: 24 | C716: 156372 | D716: =C716/15/60/8 -> 21.718333 | E716: 21.69 | F716: 20.4 | H716: =AVERAGE(E716:G716) -> 21.045 | I716: =LN(H716) -> 3.046663 | J716: =(LN(E716)+LN(F716)+LN(G716))/3 -> #NUM!
A717: ocsrbmkpapp13 | B717: 24 | C717: 156374 | D717: =C717/15/60/8 -> 21.718611 | E717: 22.45 | F717: 21.11 | H717: =AVERAGE(E717:G717) -> 21.78 | I717: =LN(H717) -> 3.0809921 | J717: =(LN(E717)+LN(F717)+LN(G717))/3 -> #NUM!
A718: ocsrbmkpapp16 | B718: 24 | C718: 156434 | D718: =C718/15/60/8 -> 21.726944 | E718: 23.79 | F718: 21.79 | H718: =AVERAGE(E718:G718) -> 22.79 | I718: =LN(H718) -> 3.1263218 | J718: =(LN(E718)+LN(F718)+LN(G718))/3 -> #NUM!
A719: ocsrbmkpapp19 | B719: 24 | C719: 156698 | D719: =C719/15/60/8 -> 21.763611 | E719: 24.48 | F719: 20.92 | H719: =AVERAGE(E719:G719) -> 22.7 | I719: =LN(H719) -> 3.1223649 | J719: =(LN(E719)+LN(F719)+LN(G719))/3 -> #NUM!
A720: ocsrbmkpapp8 | B720: 24 | C720: 156846 | D720: =C720/15/60/8 -> 21.784167 | E720: 23.37 | F720: 23.28 | H720: =AVERAGE(E720:G720) -> 23.325 | I720: =LN(H720) -> 3.1495257 | J720: =(LN(E720)+LN(F720)+LN(G720))/3 -> #NUM!
A721: ocsrbmkpapp14 | B721: 8.25 | C721: 156915 | D721: =C721/15/60/8 -> 21.79375 | E721: 29.78 | F721: 25.13 | G721: 27.92 | H721: =AVERAGE(E721:G721) -> 27.61 | I721: =LN(H721) -> 3.318178 | J721: =(LN(E721)+LN(F721)+LN(G721))/3 -> 3.3157476
A722: ocsrbmkpapp18 | B722: 8.25 | C722: 157121 | D722: =C722/15/60/8 -> 21.822361 | E722: 26.44 | F722: 24.91 | G722: 27.77 | H722: =AVERAGE(E722:G722) -> 26.373333 | I722: =LN(H722) -> 3.2723534 | J722: =(LN(E722)+LN(F722)+LN(G722))/3 -> 3.2713679
A723: ocsrbmkpapp15 | B723: 24 | C723: 157314 | D723: =C723/15/60/8 -> 21.849167 | E723: 23.08 | F723: 20.56 | H723: =AVERAGE(E723:G723) -> 21.82 | I723: =LN(H723) -> 3.082827 | J723: =(LN(E723)+LN(F723)+LN(G723))/3 -> #NUM!
A724: ocsrbmkpapp5 | B724: 8.25 | C724: 157630 | D724: =C724/15/60/8 -> 21.893056 | E724: 27.69 | F724: 24.84 | G724: 27.07 | H724: =AVERAGE(E724:G724) -> 26.533333 | I724: =LN(H724) -> 3.2784018 | J724: =(LN(E724)+LN(F724)+LN(G724))/3 -> 3.2773176
A725: ocsrbmkpapp16 | B725: 8.25 | C725: 157896 | D725: =C725/15/60/8 -> 21.93 | E725: 29.47 | F725: 26.76 | G725: 27.3 | H725: =AVERAGE(E725:G725) -> 27.843333 | I725: =LN(H725) -> 3.3265936 | J725: =(LN(E725)+LN(F725)+LN(G725))/3 -> 3.3257226
A726: ocsrbmkpapp4 | B726: 24 | C726: 158063 | D726: =C726/15/60/8 -> 21.953194 | E726: 22.69 | F726: 22.51 | H726: =AVERAGE(E726:G726) -> 22.6 | I726: =LN(H726) -> 3.1179499 | J726: =(LN(E726)+LN(F726)+LN(G726))/3 -> #NUM!
A727: ocsrbmkpapp9 | B727: 24 | C727: 158118 | D727: =C727/15/60/8 -> 21.960833 | E727: 21.72 | F727: 21.02 | H727: =AVERAGE(E727:G727) -> 21.37 | I727: =LN(H727) -> 3.0619881 | J727: =(LN(E727)+LN(F727)+LN(G727))/3 -> #NUM!
A728: ocsrbmkpapp13 | B728: 8.25 | C728: 158156 | D728: =C728/15/60/8 -> 21.966111 | E728: 28.65 | F728: 24.98 | G728: 26.08 | H728: =AVERAGE(E728:G728) -> 26.57 | I728: =LN(H728) -> 3.2797828 | J728: =(LN(E728)+LN(F728)+LN(G728))/3 -> 3.2781326
A729: ocsrbmkpapp20 | B729: 8.25 | C729: 158271 | D729: =C729/15/60/8 -> 21.982083 | E729: 27.83 | F729: 24.72 | G729: 26.47 | H729: =AVERAGE(E729:G729) -> 26.34 | I729: =LN(H729) -> 3.2710887 | J729: =(LN(E729)+LN(F729)+LN(G729))/3 -> 3.2699131
A730: ocsrbmkpapp15 | B730: 8.25 | C730: 158305 | D730: =C730/15/60/8 -> 21.986806 | E730: 28.09 | F730: 24.67 | G730: 29.2 | H730: =AVERAGE(E730:G730) -> 27.32 | I730: =LN(H730) -> 3.307619 | J730: =(LN(E730)+LN(F730)+LN(G730))/3 -> 3.3050568
A731: ocsrbmkpapp12 | B731: 24 | C731: 158310 | D731: =C731/15/60/8 -> 21.9875 | E731: 22.1 | F731: 20.15 | H731: =AVERAGE(E731:G731) -> 21.125 | I731: =LN(H731) -> 3.0504572 | J731: =(LN(E731)+LN(F731)+LN(G731))/3 -> #NUM!
A732: ocsrbmkpapp18 | B732: 24 | C732: 158397 | D732: =C732/15/60/8 -> 21.999583 | E732: 24.39 | F732: 20.01 | H732: =AVERAGE(E732:G732) -> 22.2 | I732: =LN(H732) -> 3.1000923 | J732: =(LN(E732)+LN(F732)+LN(G732))/3 -> #NUM!
A733: ocsrbmkpapp17 | B733: 8.25 | C733: 158413 | D733: =C733/15/60/8 -> 22.001806 | E733: 25.99 | F733: 25.22 | G733: 26.95 | H733: =AVERAGE(E733:G733) -> 26.053333 | I733: =LN(H733) -> 3.2601457 | J733: =(LN(E733)+LN(F733)+LN(G733))/3 -> 3.2597775
A734: ocsrbmkpapp10 | B734: 8.25 | C734: 158541 | D734: =C734/15/60/8 -> 22.019583 | E734: 27.08 | F734: 24.35 | G734: 26.37 | H734: =AVERAGE(E734:G734) -> 25.933333 | I734: =LN(H734) -> 3.2555291 | J734: =(LN(E734)+LN(F734)+LN(G734))/3 -> 3.2545181
A735: ocsrbmkpapp5 | B735: 24 | C735: 158555 | D735: =C735/15/60/8 -> 22.021528 | E735: 22.08 | F735: 21.89 | H735: =AVERAGE(E735:G735) -> 21.985 | I735: =LN(H735) -> 3.0903604 | J735: =(LN(E735)+LN(F735)+LN(G735))/3 -> #NUM!
A736: ocsrbmkpapp22 | B736: 8.25 | C736: 158629 | D736: =C736/15/60/8 -> 22.031806 | E736: 27.91 | F736: 23.7 | G736: 26.37 | H736: =AVERAGE(E736:G736) -> 25.993333 | I736: =LN(H736) -> 3.2578401 | J736: =(LN(E736)+LN(F736)+LN(G736))/3 -> 3.2555624
A737: ocsrbmkpapp12 | B737: 8.25 | C737: 158642 | D737: =C737/15/60/8 -> 22.033611 | E737: 27.91 | F737: 24.66 | G737: 26.34 | H737: =AVERAGE(E737:G737) -> 26.303333 | I737: =LN(H737) -> 3.2696957 | J737: =(LN(E737)+LN(F737)+LN(G737))/3 -> 3.2684187
A738: ocsrbmkpapp9 | B738: 8.25 | C738: 158643 | D738: =C738/15/60/8 -> 22.03375 | E738: 27.93 | F738: 23.18 | G738: 26.55 | H738: =AVERAGE(E738:G738) -> 25.886667 | I738: =LN(H738) -> 3.253728 | J738: =(LN(E738)+LN(F738)+LN(G738))/3 -> 3.2506737
A739: ocsrbmkpapp2 | B739: 8.25 | C739: 159062 | D739: =C739/15/60/8 -> 22.091944 | E739: 25.44 | F739: 25.05 | G739: 27.55 | H739: =AVERAGE(E739:G739) -> 26.013333 | I739: =LN(H739) -> 3.2586092 | J739: =(LN(E739)+LN(F739)+LN(G739))/3 -> 3.257733
A740: ocsrbmkpapp8 | B740: 8.25 | C740: 159136 | D740: =C740/15/60/8 -> 22.102222 | E740: 28.55 | F740: 26.12 | G740: 29.6 | H740: =AVERAGE(E740:G740) -> 28.09 | I740: =LN(H740) -> 3.3354136 | J740: =(LN(E740)+LN(F740)+LN(G740))/3 -> 3.3340442
A741: ocsrbmkpapp3 | B741: 8.25 | C741: 159255 | D741: =C741/15/60/8 -> 22.11875 | E741: 26.85 | F741: 24.56 | G741: 28.13 | H741: =AVERAGE(E741:G741) -> 26.513333 | I741: =LN(H741) -> 3.2776478 | J741: =(LN(E741)+LN(F741)+LN(G741))/3 -> 3.2760738
A742: ocsrbmkpapp6 | B742: 8.25 | C742: 159364 | D742: =C742/15/60/8 -> 22.133889 | E742: 27.92 | F742: 24 | G742: 26.05 | H742: =AVERAGE(E742:G742) -> 25.99 | I742: =LN(H742) -> 3.2577118 | J742: =(LN(E742)+LN(F742)+LN(G742))/3 -> 3.255805
A743: ocsrbmkpapp7 | B743: 8.25 | C743: 159413 | D743: =C743/15/60/8 -> 22.140694 | E743: 27 | F743: 25.87 | G743: 26.9 | H743: =AVERAGE(E743:G743) -> 26.59 | I743: =LN(H743) -> 3.2805352 | J743: =(LN(E743)+LN(F743)+LN(G743))/3 -> 3.280349
A744: ocsrbmkpapp4 | B744: 8.25 | C744: 159741 | D744: =C744/15/60/8 -> 22.18625 | E744: 28.44 | F744: 24.58 | G744: 28.43 | H744: =AVERAGE(E744:G744) -> 27.15 | I744: =LN(H744) -> 3.301377 | J744: =(LN(E744)+LN(F744)+LN(G744))/3 -> 3.2990582
A745: ocsrbmkpapp11 | B745: 8.25 | C745: 159881 | D745: =C745/15/60/8 -> 22.205694 | E745: 27.81 | F745: 25.42 | G745: 27.07 | H745: =AVERAGE(E745:G745) -> 26.766667 | I745: =LN(H745) -> 3.2871573 | J745: =(LN(E745)+LN(F745)+LN(G745))/3 -> 3.2864527
A746: ocsrbmkpapp7 | B746: 24 | C746: 160202 | D746: =C746/15/60/8 -> 22.250278 | E746: 22.66 | F746: 21.16 | H746: =AVERAGE(E746:G746) -> 21.91 | I746: =LN(H746) -> 3.0869432 | J746: =(LN(E746)+LN(F746)+LN(G746))/3 -> #NUM!
A747: ocsrbmkpapp21 | B747: 8.25 | C747: 160546 | D747: =C747/15/60/8 -> 22.298056 | E747: 27.45 | F747: 24.87 | G747: 25.48 | H747: =AVERAGE(E747:G747) -> 25.933333 | I747: =LN(H747) -> 3.2555291 | J747: =(LN(E747)+LN(F747)+LN(G747))/3 -> 3.2546408
A748: ocsrbmkpapp21 | B748: 24 | C748: 160763 | D748: =C748/15/60/8 -> 22.328194 | E748: 22.42 | F748: 22.24 | H748: =AVERAGE(E748:G748) -> 22.33 | I748: =LN(H748) -> 3.1059311 | J748: =(LN(E748)+LN(F748)+LN(G748))/3 -> #NUM!
A749: ocsrbmkpapp19 | B749: 8.25 | C749: 161865 | D749: =C749/15/60/8 -> 22.48125 | E749: 28.2 | F749: 24.86 | G749: 27 | H749: =AVERAGE(E749:G749) -> 26.686667 | I749: =LN(H749) -> 3.2841641 | J749: =(LN(E749)+LN(F749)+LN(G749))/3 -> 3.2828063
A750: ocsrbmkpapp1 | B750: 8.5 | C750: 163805 | D750: =C750/15/60/8 -> 22.750694 | E750: 27.38 | F750: 27.31 | G750: 28.87 | H750: =AVERAGE(E750:G750) -> 27.853333 | I750: =LN(H750) -> 3.3269526 | J750: =(LN(E750)+LN(F750)+LN(G750))/3 -> 3.3266229
A751: ocsrbmkpapp17 | B751: 8.5 | C751: 164226 | D751: =C751/15/60/8 -> 22.809167 | E751: 26.98 | F751: 26.72 | G751: 28.3 | H751: =AVERAGE(E751:G751) -> 27.333333 | I751: =LN(H751) -> 3.308107 | J751: =(LN(E751)+LN(F751)+LN(G751))/3 -> 3.30779
A752: ocsrbmkpapp22 | B752: 8.5 | C752: 165558 | D752: =C752/15/60/8 -> 22.994167 | E752: 28.65 | F752: 26.91 | G752: 27.13 | H752: =AVERAGE(E752:G752) -> 27.563333 | I752: =LN(H752) -> 3.3164864 | J752: =(LN(E752)+LN(F752)+LN(G752))/3 -> 3.3160972
A753: ocsrbmkpapp12 | B753: 8.5 | C753: 165618 | D753: =C753/15/60/8 -> 23.0025 | E753: 26.34 | F753: 26.81 | G753: 28.73 | H753: =AVERAGE(E753:G753) -> 27.293333 | I753: =LN(H753) -> 3.3066425 | J753: =(LN(E753)+LN(F753)+LN(G753))/3 -> 3.3059352
A754: ocsrbmkpapp2 | B754: 8.5 | C754: 165826 | D754: =C754/15/60/8 -> 23.031389 | E754: 27.36 | F754: 26.48 | G754: 27.98 | H754: =AVERAGE(E754:G754) -> 27.273333 | I754: =LN(H754) -> 3.3059094 | J754: =(LN(E754)+LN(F754)+LN(G754))/3 -> 3.3056539
A755: ocsrbmkpapp6 | B755: 8.5 | C755: 166200 | D755: =C755/15/60/8 -> 23.083333 | E755: 26.3 | F755: 26.62 | G755: 28.16 | H755: =AVERAGE(E755:G755) -> 27.026667 | I755: =LN(H755) -> 3.296824 | J755: =(LN(E755)+LN(F755)+LN(G755))/3 -> 3.2963781
A756: ocsrbmkpapp3 | B756: 8.5 | C756: 166239 | D756: =C756/15/60/8 -> 23.08875 | E756: 26.42 | F756: 26.25 | G756: 28.37 | H756: =AVERAGE(E756:G756) -> 27.013333 | I756: =LN(H756) -> 3.2963306 | J756: =(LN(E756)+LN(F756)+LN(G756))/3 -> 3.2957065
A757: ocsrbmkpapp16 | B757: 8.5 | C757: 166518 | D757: =C757/15/60/8 -> 23.1275 | E757: 27.2 | F757: 27.07 | G757: 28.68 | H757: =AVERAGE(E757:G757) -> 27.65 | I757: =LN(H757) -> 3.3196257 | J757: =(LN(E757)+LN(F757)+LN(G757))/3 -> 3.319281
A758: ocsrbmkpapp15 | B758: 8.5 | C758: 166562 | D758: =C758/15/60/8 -> 23.133611 | E758: 28.5 | F758: 28.33 | G758: 29.71 | H758: =AVERAGE(E758:G758) -> 28.846667 | I758: =LN(H758) -> 3.3619944 | J758: =(LN(E758)+LN(F758)+LN(G758))/3 -> 3.3617697
A759: ocsrbmkpapp19 | B759: 8.5 | C759: 166596 | D759: =C759/15/60/8 -> 23.138333 | E759: 27.38 | F759: 27.72 | G759: 26.66 | H759: =AVERAGE(E759:G759) -> 27.253333 | I759: =LN(H759) -> 3.3051758 | J759: =(LN(E759)+LN(F759)+LN(G759))/3 -> 3.3050438
A760: ocsrbmkpapp18 | B760: 8.5 | C760: 167078 | D760: =C760/15/60/8 -> 23.205278 | E760: 26.51 | F760: 26.43 | G760: 27.64 | H760: =AVERAGE(E760:G760) -> 26.86 | I760: =LN(H760) -> 3.2906382 | J760: =(LN(E760)+LN(F760)+LN(G760))/3 -> 3.2904286
... A2113: ocsrbmkpapp7 | B2113: 21 | C2113: 374704 | D2113: =C2113/15/60/8 -> 52.042222 | E2113: 51.62 | F2113: 47.53 | G2113: 48.99 | H2113: =AVERAGE(E2113:G2113) -> 49.38 | I2113: =LN(H2113) -> 3.8995455 | J2113: =(LN(E2113)+LN(F2113)+LN(G2113))/3 -> 3.8989622
C2114: =SUM(C2:C2113) -> 377201412

Sheet TBS Pivot
A3: Row Labels | B3: Average of Avg CPU
A4: 0.25 | B4: 12.077576
A5: 0.5 | B5: 40.077576
A6: 0.75 | B6: 11.273333
A7: 1 | B7: 9.9207576
A8: 1.25 | B8: 9.4313636
A9: 1.5 | B9: 9.8733333
A10: 1.75 | B10: 6.0290909
A11: 2 | B11: 5.4721212
A12: 2.25 | B12: 5.0342424
A13: 2.5 | B13: 4.7793939
A14: 2.75 | B14: 4.504697
A15: 3 | B15: 4.5951515
... A99: 24 | B99: 10.935952
A100: Grand Total | B100: 22.821825

Sheet TBS all data
E3: Average of CPU in 5 min
A4: HOST_NAME | B4: hour (rounded to 15 min) | C4: Sum of Sum of TOTAL_MSG_NUMBER | D4: EPS/core (avg over 15 min) | E4: CPU 1 | F4: CPU 2 | G4: CPU 3 | H4: Avg CPU
A5: rbs-siapp01 | B5: 0.25 | C5: 48008 | D5: =C5/15/60/8 -> 6.6677778 | E5: 7.91 | F5: 15.35 | G5: 18.77 | H5: =AVERAGE(E5:G5) -> 14.01
A6: rbs-siapp01 | B6: 0.5 | C6: 37778 | D6: =C6/15/60/8 -> 5.2469444 | E6: 55.18 | F6: 38.33 | G6: 20.03 | H6: =AVERAGE(E6:G6) -> 37.846667
A7: rbs-siapp01 | B7: 0.75 | C7: 34260 | D7: =C7/15/60/8 -> 4.7583333 | E7: 14.87 | F7: 6.01 | G7: 8.11 | H7: =AVERAGE(E7:G7) -> 9.6633333
A8: rbs-siapp01 | B8: 1 | C8: 29367 | D8: =C8/15/60/8 -> 4.07875 | E8: 8.16 | F8: 13.05 | G8: 6.67 | H8: =AVERAGE(E8:G8) -> 9.2933333
A9: rbs-siapp01 | B9: 1.25 | C9: 26022 | D9: =C9/15/60/8 -> 3.6141667 | E9: 6.14 | F9: 14.28 | G9: 15.41 | H9: =AVERAGE(E9:G9) -> 11.943333
A10: rbs-siapp01 | B10: 1.5 | C10: 21397 | D10: =C10/15/60/8 -> 2.9718056 | E10: 13.66 | F10: 11.57 | G10: 5.55 | H10: =AVERAGE(E10:G10) -> 10.26
A11: rbs-siapp01 | B11: 1.75 | C11: 20438 | D11: =C11/15/60/8 -> 2.8386111 | E11: 5.13 | F11: 4.76 | G11: 5.87 | H11: =AVERAGE(E11:G11) -> 5.2533333
A12: rbs-siapp01 | B12: 2 | C12: 18275 | D12: =C12/15/60/8 -> 2.5381944 | E12: 5.23 | F12: 4.42 | G12: 5.43 | H12: =AVERAGE(E12:G12) -> 5.0266667
A13: rbs-siapp01 | B13: 2.25 | C13: 18042 | D13: =C13/15/60/8 -> 2.5058333 | E13: 5.31 | F13: 4.8 | G13: 5.45 | H13: =AVERAGE(E13:G13) -> 5.1866667
A14: rbs-siapp01 | B14: 2.5 | C14: 16430 | D14: =C14/15/60/8 -> 2.2819444 | E14: 4.73 | F14: 4.26 | G14: 4.92 | H14: =AVERAGE(E14:G14) -> 4.6366667
A15: rbs-siapp01 | B15: 2.75 | C15: 15824 | D15: =C15/15/60/8 -> 2.1977778 | E15: 4.41 | F15: 4.31 | G15: 5.12 | H15: =AVERAGE(E15:G15) -> 4.6133333
A16: rbs-siapp01 | B16: 3 | C16: 14921 | D16: =C16/15/60/8 -> 2.0723611 | E16: 4.08 | F16: 4.3 | G16: 4.89 | H16: =AVERAGE(E16:G16) -> 4.4233333
... A99: rbs-siapp13 | B99: 6.5 | C99: 91912 | D99: =C99/15/60/8 -> 12.765556 | E99: 15.48 | F99: 16.51 | G99: 17.69 | H99: =AVERAGE(E99:G99) -> 16.56
A100: rbs-siapp01 | B100: 24 | C100: 65585 | D100: =C100/15/60/8 -> 9.1090278 | E100: 10.76 | F100: 9.74 | H100: =AVERAGE(E100:G100) -> 10.25
A101: rbs-siapp02 | B101: 0.25 | C101: 48402 | D101: =C101/15/60/8 -> 6.7225 | E101: 8.17 | F101: 16.45 | G101: 19.01 | H101: =AVERAGE(E101:G101) -> 14.543333
A102: rbs-siapp02 | B102: 0.5 | C102: 37598 | D102: =C102/15/60/8 -> 5.2219444 | E102: 55.31 | F102: 34.63 | G102: 31.58 | H102: =AVERAGE(E102:G102) -> 40.506667
A103: rbs-siapp02 | B103: 0.75 | C103: 32929 | D103: =C103/15/60/8 -> 4.5734722 | E103: 20.39 | F103: 6.87 | G103: 5.9 | H103: =AVERAGE(E103:G103) -> 11.053333
A104: rbs-siapp02 | B104: 1 | C104: 28744 | D104: =C104/15/60/8 -> 3.9922222 | E104: 9.51 | F104: 13.07 | G104: 7.04 | H104: =AVERAGE(E104:G104) -> 9.8733333
A105: rbs-siapp02 | B105: 1.25 | C105: 25986 | D105: =C105/15/60/8 -> 3.6091667 | E105: 5.83 | F105: 14.91 | G105: 15.37 | H105: =AVERAGE(E105:G105) -> 12.036667
A106: rbs-siapp02 | B106: 1.5 | C106: 21330 | D106: =C106/15/60/8 -> 2.9625 | E106: 14.19 | F106: 5.28 | G106: 5.97 | H106: =AVERAGE(E106:G106) -> 8.48
A107: rbs-siapp02 | B107: 1.75 | C107: 20280 | D107: =C107/15/60/8 -> 2.8166667 | E107: 4.9 | F107: 4.69 | G107: 5.28 | H107: =AVERAGE(E107:G107) -> 4.9566667
A108: rbs-siapp02 | B108: 2 | C108: 18441 | D108: =C108/15/60/8 -> 2.56125 | E108: 5.01 | F108: 4.88 | G108: 5.63 | H108: =AVERAGE(E108:G108) -> 5.1733333
A109: rbs-siapp02 | B109: 2.25 | C109: 17888 | D109: =C109/15/60/8 -> 2.4844444 | E109: 5.15 | F109: 4.52 | G109: 5.01 | H109: =AVERAGE(E109:G109) -> 4.8933333
A110: rbs-siapp02 | B110: 2.5 | C110: 15901 | D110: =C110/15/60/8 -> 2.2084722 | E110: 4.55 | F110: 4.55 | G110: 5.12 | H110: =AVERAGE(E110:G110) -> 4.74
A111: rbs-siapp02 | B111: 2.75 | C111: 15285 | D111: =C111/15/60/8 -> 2.1229167 | E111: 4.26 | F111: 4.02 | G111: 4.3 | H111: =AVERAGE(E111:G111) -> 4.1933333
A112: rbs-siapp02 | B112: 3 | C112: 14178 | D112: =C112/15/60/8 -> 1.9691667 | E112: 3.88 | F112: 4.6 | G112: 5.06 | H112: =AVERAGE(E112:G112) -> 4.5133333
... A195: rbs-siapp13 | B195: 7 | C195: 111129 | D195: =C195/15/60/8 -> 15.434583 | E195: 18.18 | F195: 18.92 | G195: 20.62 | H195: =AVERAGE(E195:G195) -> 19.24
A196: rbs-siapp02 | B196: 24 | C196: 66291 | D196: =C196/15/60/8 -> 9.2070833 | E196: 10.47 | F196: 10.42 | H196: =AVERAGE(E196:G196) -> 10.445
A197: rbs-siapp03 | B197: 0.25 | C197: 48862 | D197: =C197/15/60/8 -> 6.7863889 | E197: 8.19 | F197: 13.27 | G197: 18.57 | H197: =AVERAGE(E197:G197) -> 13.343333
A198: rbs-siapp03 | B198: 0.5 | C198: 37974 | D198: =C198/15/60/8 -> 5.2741667 | E198: 53.9 | F198: 38.15 | G198: 38.56 | H198: =AVERAGE(E198:G198) -> 43.536667
A199: rbs-siapp03 | B199: 0.75 | C199: 34017 | D199: =C199/15/60/8 -> 4.7245833 | E199: 22.27 | F199: 7.58 | G199: 7.15 | H199: =AVERAGE(E199:G199) -> 12.333333
A200: rbs-siapp03 | B200: 1 | C200: 28794 | D200: =C200/15/60/8 -> 3.9991667 | E200: 11.65 | F200: 14.55 | G200: 7.19 | H200: =AVERAGE(E200:G200) -> 11.13
A201: rbs-siapp03 | B201: 1.25 | C201: 26811 | D201: =C201/15/60/8 -> 3.72375 | E201: 6.71 | F201: 12.18 | G201: 16.22 | H201: =AVERAGE(E201:G201) -> 11.703333
A202: rbs-siapp03 | B202: 1.5 | C202: 21511 | D202: =C202/15/60/8 -> 2.9876389 | E202: 14.62 | F202: 13.27 | G202: 6.51 | H202: =AVERAGE(E202:G202) -> 11.466667
A203: rbs-siapp03 | B203: 1.75 | C203: 19689 | D203: =C203/15/60/8 -> 2.7345833 | E203: 5 | F203: 4.55 | G203: 5.88 | H203: =AVERAGE(E203:G203) -> 5.1433333
A204: rbs-siapp03 | B204: 2 | C204: 18113 | D204: =C204/15/60/8 -> 2.5156944 | E204: 5.84 | F204: 4.77 | G204: 5.2 | H204: =AVERAGE(E204:G204) -> 5.27
A205: rbs-siapp03 | B205: 2.25 | C205: 17258 | D205: =C205/15/60/8 -> 2.3969444 | E205: 5.44 | F205: 4.39 | G205: 5.44 | H205: =AVERAGE(E205:G205) -> 5.09
A206: rbs-siapp03 | B206: 2.5 | C206: 16057 | D206: =C206/15/60/8 -> 2.2301389 | E206: 5.32 | F206: 4.16 | G206: 4.76 | H206: =AVERAGE(E206:G206) -> 4.7466667
A207: rbs-siapp03 | B207: 2.75 | C207: 15093 | D207: =C207/15/60/8 -> 2.09625 | E207: 4.43 | F207: 4.05 | G207: 5.24 | H207: =AVERAGE(E207:G207) -> 4.5733333
A208: rbs-siapp03 | B208: 3 | C208: 14768 | D208: =C208/15/60/8 -> 2.0511111 | E208: 4.82 | F208: 4.47 | G208: 4.58 | H208: =AVERAGE(E208:G208) -> 4.6233333
... A291: rbs-siapp13 | B291: 7.5 | C291: 128337 | D291: =C291/15/60/8 -> 17.824583 | E291: 20.56 | F291: 20.97 | G291: 22.95 | H291: =AVERAGE(E291:G291) -> 21.493333
A292: rbs-siapp03 | B292: 24 | C292: 67966 | D292: =C292/15/60/8 -> 9.4397222 | E292: 11.83 | F292: 10.15 | H292: =AVERAGE(E292:G292) -> 10.99
A293: rbs-siapp04 | B293: 0.25 | C293: 48419 | D293: =C293/15/60/8 -> 6.7248611 | E293: 7.66 | F293: 13.56 | G293: 16.67 | H293: =AVERAGE(E293:G293) -> 12.63
A294: rbs-siapp04 | B294: 0.5 | C294: 37768 | D294: =C294/15/60/8 -> 5.2455556 | E294: 51.91 | F294: 36.94 | G294: 37.72 | H294: =AVERAGE(E294:G294) -> 42.19
A295: rbs-siapp04 | B295: 0.75 | C295: 33775 | D295: =C295/15/60/8 -> 4.6909722 | E295: 22.74 | F295: 6.86 | G295: 7.45 | H295: =AVERAGE(E295:G295) -> 12.35
A296: rbs-siapp04 | B296: 1 | C296: 29230 | D296: =C296/15/60/8 -> 4.0597222 | E296: 9.18 | F296: 13.08 | G296: 6.37 | H296: =AVERAGE(E296:G296) -> 9.5433333
A297: rbs-siapp04 | B297: 1.25 | C297: 26487 | D297: =C297/15/60/8 -> 3.67875 | E297: 6.17 | F297: 14.58 | G297: 14.78 | H297: =AVERAGE(E297:G297) -> 11.843333
A298: rbs-siapp04 | B298: 1.5 | C298: 21752 | D298: =C298/15/60/8 -> 3.0211111 | E298: 13.29 | F298: 13.08 | G298: 11.36 | H298: =AVERAGE(E298:G298) -> 12.576667
A299: rbs-siapp04 | B299: 1.75 | C299: 20464 | D299: =C299/15/60/8 -> 2.8422222 | E299: 7.24 | F299: 6.88 | G299: 5.31 | H299: =AVERAGE(E299:G299) -> 6.4766667
A300: rbs-siapp04 | B300: 2 | C300: 17865 | D300: =C300/15/60/8 -> 2.48125 | E300: 6.32 | F300: 4.44 | G300: 5.06 | H300: =AVERAGE(E300:G300) -> 5.2733333
A301: rbs-siapp04 | B301: 2.25 | C301: 17229 | D301: =C301/15/60/8 -> 2.3929167 | E301: 4.92 | F301: 4.54 | G301: 4.83 | H301: =AVERAGE(E301:G301) -> 4.7633333
A302: rbs-siapp04 | B302: 2.5 | C302: 16566 | D302: =C302/15/60/8 -> 2.3008333 | E302: 5.97 | F302: 4.15 | G302: 4.89 | H302: =AVERAGE(E302:G302) -> 5.0033333
A303: rbs-siapp04 | B303: 2.75 | C303: 15194 | D303: =C303/15/60/8 -> 2.1102778 | E303: 4.38 | F303: 3.94 | G303: 4.42 | H303: =AVERAGE(E303:G303) -> 4.2466667
A304: rbs-siapp04 | B304: 3 | C304: 14273 | D304: =C304/15/60/8 -> 1.9823611 | E304: 5.23 | F304: 4.31 | G304: 4.37 | H304: =AVERAGE(E304:G304) -> 4.6366667
... A387: rbs-siapp07 | B387: 22.75 | C387: 141791 | D387: =C387/15/60/8 -> 19.693194 | E387: 20.16 | F387: 18.99 | G387: 19.19 | H387: =AVERAGE(E387:G387) -> 19.446667
A388: rbs-siapp04 | B388: 24 | C388: 67800 | D388: =C388/15/60/8 -> 9.4166667 | E388: 11.81 | F388: 15.25 | H388: =AVERAGE(E388:G388) -> 13.53
A389: rbs-siapp05 | B389: 0.25 | C389: 47366 | D389: =C389/15/60/8 -> 6.5786111 | E389: 7.26 | F389: 13.76 | G389: 17.68 | H389: =AVERAGE(E389:G389) -> 12.9
A390: rbs-siapp05 | B390: 0.5 | C390: 36209 | D390: =C390/15/60/8 -> 5.0290278 | E390: 51.34 | F390: 37 | G390: 37.45 | H390: =AVERAGE(E390:G390) -> 41.93
A391: rbs-siapp05 | B391: 0.75 | C391: 33082 | D391: =C391/15/60/8 -> 4.5947222 | E391: 17 | F391: 6.73 | G391: 5.89 | H391: =AVERAGE(E391:G391) -> 9.8733333
A392: rbs-siapp05 | B392: 1 | C392: 29805 | D392: =C392/15/60/8 -> 4.1395833 | E392: 9.59 | F392: 13.78 | G392: 6.25 | H392: =AVERAGE(E392:G392) -> 9.8733333
A393: rbs-siapp05 | B393: 1.25 | C393: 26840 | D393: =C393/15/60/8 -> 3.7277778 | E393: 5.81 | F393: 13.11 | G393: 14.62 | H393: =AVERAGE(E393:G393) -> 11.18
A394: rbs-siapp05 | B394: 1.5 | C394: 22960 | D394: =C394/15/60/8 -> 3.1888889 | E394: 13.79 | F394: 12.88 | G394: 7.7 | H394: =AVERAGE(E394:G394) -> 11.456667
A395: rbs-siapp05 | B395: 1.75 | C395: 21405 | D395: =C395/15/60/8 -> 2.9729167 | E395: 4.92 | F395: 4.74 | G395: 6.56 | H395: =AVERAGE(E395:G395) -> 5.4066667
A396: rbs-siapp05 | B396: 2 | C396: 19530 | D396: =C396/15/60/8 -> 2.7125 | E396: 8.55 | F396: 7.41 | G396: 5.35 | H396: =AVERAGE(E396:G396) -> 7.1033333
A397: rbs-siapp05 | B397: 2.25 | C397: 18385 | D397: =C397/15/60/8 -> 2.5534722 | E397: 5.04 | F397: 4.58 | G397: 4.83 | H397: =AVERAGE(E397:G397) -> 4.8166667
A398: rbs-siapp05 | B398: 2.5 | C398: 16720 | D398: =C398/15/60/8 -> 2.3222222 | E398: 5.79 | F398: 4.13 | G398: 4.66 | H398: =AVERAGE(E398:G398) -> 4.86
A399: rbs-siapp05 | B399: 2.75 | C399: 15425 | D399: =C399/15/60/8 -> 2.1423611 | E399: 4.25 | F399: 4.03 | G399: 4.33 | H399: =AVERAGE(E399:G399) -> 4.2033333
A400: rbs-siapp05 | B400: 3 | C400: 14359 | D400: =C400/15/60/8 -> 1.9943056 | E400: 5.11 | F400: 4.26 | G400: 4.55 | H400: =AVERAGE(E400:G400) -> 4.64
... A483: rbs-siapp13 | B483: 8.75 | C483: 155704 | D483: =C483/15/60/8 -> 21.625556 | E483: 24.61 | F483: 24.23 | G483: 25.73 | H483: =AVERAGE(E483:G483) -> 24.856667
A484: rbs-siapp05 | B484: 24 | C484: 64853 | D484: =C484/15/60/8 -> 9.0073611 | E484: 11.44 | F484: 9.5 | H484: =AVERAGE(E484:G484) -> 10.47
A485: rbs-siapp06 | B485: 0.25 | C485: 48491 | D485: =C485/15/60/8 -> 6.7348611 | E485: 7.26 | F485: 14.44 | G485: 19.1 | H485: =AVERAGE(E485:G485) -> 13.6
A486: rbs-siapp06 | B486: 0.5 | C486: 38092 | D486: =C486/15/60/8 -> 5.2905556 | E486: 52.21 | F486: 36.17 | G486: 34.84 | H486: =AVERAGE(E486:G486) -> 41.073333
A487: rbs-siapp06 | B487: 0.75 | C487: 33624 | D487: =C487/15/60/8 -> 4.67 | E487: 18.58 | F487: 5.66 | G487: 6.93 | H487: =AVERAGE(E487:G487) -> 10.39
A488: rbs-siapp06 | B488: 1 | C488: 28997 | D488: =C488/15/60/8 -> 4.0273611 | E488: 11.01 | F488: 11.69 | G488: 6.4 | H488: =AVERAGE(E488:G488) -> 9.7
A489: rbs-siapp06 | B489: 1.25 | C489: 26367 | D489: =C489/15/60/8 -> 3.6620833 | E489: 6 | F489: 13.21 | G489: 15.27 | H489: =AVERAGE(E489:G489) -> 11.493333
A490: rbs-siapp06 | B490: 1.5 | C490: 21260 | D490: =C490/15/60/8 -> 2.9527778 | E490: 12.73 | F490: 12.49 | G490: 12.44 | H490: =AVERAGE(E490:G490) -> 12.553333
A491: rbs-siapp06 | B491: 1.75 | C491: 20469 | D491: =C491/15/60/8 -> 2.8429167 | E491: 5.02 | F491: 4.76 | G491: 5.3 | H491: =AVERAGE(E491:G491) -> 5.0266667
A492: rbs-siapp06 | B492: 2 | C492: 18540 | D492: =C492/15/60/8 -> 2.575 | E492: 6.26 | F492: 4.58 | G492: 4.94 | H492: =AVERAGE(E492:G492) -> 5.26
A493: rbs-siapp06 | B493: 2.25 | C493: 17528 | D493: =C493/15/60/8 -> 2.4344444 | E493: 7.49 | F493: 7.4 | G493: 5.15 | H493: =AVERAGE(E493:G493) -> 6.68
A494: rbs-siapp06 | B494: 2.5 | C494: 16584 | D494: =C494/15/60/8 -> 2.3033333 | E494: 5.97 | F494: 4.16 | G494: 4.52 | H494: =AVERAGE(E494:G494) -> 4.8833333
A495: rbs-siapp06 | B495: 2.75 | C495: 14940 | D495: =C495/15/60/8 -> 2.075 | E495: 4.48 | F495: 4.12 | G495: 4.37 | H495: =AVERAGE(E495:G495) -> 4.3233333
A496: rbs-siapp06 | B496: 3 | C496: 13703 | D496: =C496/15/60/8 -> 1.9031944 | E496: 5.32 | F496: 3.96 | G496: 4.48 | H496: =AVERAGE(E496:G496) -> 4.5866667
... A579: rbs-siapp02 | B579: 15.75 | C579: 163969 | D579: =C579/15/60/8 -> 22.773472 | E579: 25.42 | F579: 26.25 | G579: 27.07 | H579: =AVERAGE(E579:G579) -> 26.246667
A580: rbs-siapp06 | B580: 24 | C580: 65701 | D580: =C580/15/60/8 -> 9.1251389 | E580: 11.74 | F580: 9.97 | H580: =AVERAGE(E580:G580) -> 10.855
A581: rbs-siapp07 | B581: 0.25 | C581: 48792 | D581: =C581/15/60/8 -> 6.7766667 | E581: 8.29 | F581: 16.14 | G581: 18.64 | H581: =AVERAGE(E581:G581) -> 14.356667
A582: rbs-siapp07 | B582: 0.5 | C582: 37885 | D582: =C582/15/60/8 -> 5.2618056 | E582: 55.52 | F582: 32.43 | G582: 31.76 | H582: =AVERAGE(E582:G582) -> 39.903333
A583: rbs-siapp07 | B583: 0.75 | C583: 33982 | D583: =C583/15/60/8 -> 4.7197222 | E583: 15.56 | F583: 5.59 | G583: 7.83 | H583: =AVERAGE(E583:G583) -> 9.66
A584: rbs-siapp07 | B584: 1 | C584: 29068 | D584: =C584/15/60/8 -> 4.0372222 | E584: 5.41 | F584: 15.75 | G584: 6.76 | H584: =AVERAGE(E584:G584) -> 9.3066667
A585: rbs-siapp07 | B585: 1.25 | C585: 26422 | D585: =C585/15/60/8 -> 3.6697222 | E585: 5.97 | F585: 11.49 | G585: 15.01 | H585: =AVERAGE(E585:G585) -> 10.823333
A586: rbs-siapp07 | B586: 1.5 | C586: 22117 | D586: =C586/15/60/8 -> 3.0718056 | E586: 13.91 | F586: 13.62 | G586: 5.81 | H586: =AVERAGE(E586:G586) -> 11.113333
A587: rbs-siapp07 | B587: 1.75 | C587: 20649 | D587: =C587/15/60/8 -> 2.8679167 | E587: 4.98 | F587: 4.56 | G587: 5.47 | H587: =AVERAGE(E587:G587) -> 5.0033333
A588: rbs-siapp07 | B588: 2 | C588: 18795 | D588: =C588/15/60/8 -> 2.6104167 | E588: 4.96 | F588: 4.75 | G588: 5.51 | H588: =AVERAGE(E588:G588) -> 5.0733333
A589: rbs-siapp07 | B589: 2.25 | C589: 17526 | D589: =C589/15/60/8 -> 2.4341667 | E589: 4.66 | F589: 4.58 | G589: 5.05 | H589: =AVERAGE(E589:G589) -> 4.7633333
A590: rbs-siapp07 | B590: 2.5 | C590: 16616 | D590: =C590/15/60/8 -> 2.3077778 | E590: 4.66 | F590: 4.26 | G590: 5.02 | H590: =AVERAGE(E590:G590) -> 4.6466667
A591: rbs-siapp07 | B591: 2.75 | C591: 15811 | D591: =C591/15/60/8 -> 2.1959722 | E591: 4.51 | F591: 4.04 | G591: 4.84 | H591: =AVERAGE(E591:G591) -> 4.4633333
A592: rbs-siapp07 | B592: 3 | C592: 14692 | D592: =C592/15/60/8 -> 2.0405556 | E592: 4.01 | F592: 4.39 | G592: 5.11 | H592: =AVERAGE(E592:G592) -> 4.5033333
... A675: rbs-siapp10 | B675: 14.5 | C675: 165423 | D675: =C675/15/60/8 -> 22.975417 | E675: 26.32 | F675: 25.95 | G675: 27.58 | H675: =AVERAGE(E675:G675) -> 26.616667
A676: rbs-siapp07 | B676: 24 | C676: 65736 | D676: =C676/15/60/8 -> 9.13 | E676: 10.41 | F676: 9.99 | H676: =AVERAGE(E676:G676) -> 10.2
...

Sheet MKS filtered data
A1: SERVER_NAME | B1: hour (rounded to 15 min) | C1: Events total (15 min) | D1: EPS/core | E1: CPU avg in 15 min | F1: 1 | G1: 2 | H1: 3 | I1: filter
A2: ocsrbmkpapp1 | B2: 7.25 | C2: 106373 | D2: =C2/15/60/8 -> 14.774028 | E2: =AVERAGE(F2:H2) -> 18.393333 | F2: 16.61 | G2: 18.66 | H2: 19.91 | I2: =G2/F2>2 -> FALSE
A3: ocsrbmkpapp1 | B3: 0.5 | C3: 91818 | D3: =C3/15/60/8 -> 12.7525 | F3: 42.6 | G3: 41.13 | H3: 43.95 | I3: =AVERAGE(F3:H3) -> 42.56
A4: ocsrbmkpapp1 | B4: 0.75 | C4: 74338 | D4: =C4/15/60/8 -> 10.324722 | F4: 26.95 | G4: 15.62 | H4: 13.77 | I4: =AVERAGE(F4:H4) -> 18.78
A5: ocsrbmkpapp1 | B5: 1 | C5: 60977 | D5: =C5/15/60/8 -> 8.4690278 | F5: 20.76 | G5: 11.69 | H5: 13.73 | I5: =AVERAGE(F5:H5) -> 15.393333
A6: ocsrbmkpapp1 | B6: 1.25 | C6: 57565 | D6: =C6/15/60/8 -> 7.9951389 | F6: 8.89 | G6: 8.55 | H6: 16.94 | I6: =AVERAGE(F6:H6) -> 11.46
A7: ocsrbmkpapp1 | B7: 1.5 | C7: 46488 | D7: =C7/15/60/8 -> 6.4566667 | F7: 15.83 | G7: 14.99 | H7: 17.01 | I7: =AVERAGE(F7:H7) -> 15.943333
A8: ocsrbmkpapp1 | B8: 1.75 | C8: 41930 | D8: =C8/15/60/8 -> 5.8236111 | F8: 12.47 | G8: 6.34 | H8: 18.19 | I8: =AVERAGE(F8:H8) -> 12.333333
A9: ocsrbmkpapp17 | B9: 7.25 | C9: 107126 | D9: =C9/15/60/8 -> 14.878611 | E9: =AVERAGE(F9:H9) -> 18.623333 | F9: 17.54 | G9: 19.57 | H9: 18.76 | I9: =G9/F9>2 -> FALSE
A10: ocsrbmkpapp22 | B10: 7.25 | C10: 107693 | D10: =C10/15/60/8 -> 14.957361 | E10: =AVERAGE(F10:H10) -> 18.073333 | F10: 17.28 | G10: 18.08 | H10: 18.86 | I10: =G10/F10>2 -> FALSE
A11: ocsrbmkpapp21 | B11: 7.25 | C11: 108152 | D11: =C11/15/60/8 -> 15.021111 | E11: =AVERAGE(F11:H11) -> 17.743333 | F11: 16.74 | G11: 18.73 | H11: 17.76 | I11: =G11/F11>2 -> FALSE
A12: ocsrbmkpapp16 | B12: 7.25 | C12: 108259 | D12: =C12/15/60/8 -> 15.035972 | E12: =AVERAGE(F12:H12) -> 18.883333 | F12: 17.71 | G12: 18.97 | H12: 19.97 | I12: =G12/F12>2 -> FALSE
A13: ocsrbmkpapp11 | B13: 7.25 | C13: 108517 | D13: =C13/15/60/8 -> 15.071806 | E13: =AVERAGE(F13:H13) -> 18.533333 | F13: 16.71 | G13: 18.67 | H13: 20.22 | I13: =G13/F13>2 -> FALSE
A14: ocsrbmkpapp18 | B14: 7.25 | C14: 108885 | D14: =C14/15/60/8 -> 15.122917 | E14: =AVERAGE(F14:H14) -> 18.18 | F14: 16.76 | G14: 17.91 | H14: 19.87 | I14: =G14/F14>2 -> FALSE
A15: ocsrbmkpapp13 | B15: 7.25 | C15: 109205 | D15: =C15/15/60/8 -> 15.167361 | E15: =AVERAGE(F15:H15) -> 18.836667 | F15: 17.17 | G15: 18.04 | H15: 21.3 | I15: =G15/F15>2 -> FALSE
A16: ocsrbmkpapp6 | B16: 7.25 | C16: 109283 | D16: =C16/15/60/8 -> 15.178194 | E16: =AVERAGE(F16:H16) -> 18.37 | F16: 17.1 | G16: 17.78 | H16: 20.23 | I16: =G16/F16>2 -> FALSE
A17: ocsrbmkpapp2 | B17: 7.25 | C17: 109333 | D17: =C17/15/60/8 -> 15.185139 | E17: =AVERAGE(F17:H17) -> 18.19 | F17: 16.41 | G17: 18.54 | H17: 19.62 | I17: =G17/F17>2 -> FALSE
A18: ocsrbmkpapp14 | B18: 7.25 | C18: 109563 | D18: =C18/15/60/8 -> 15.217083 | E18: =AVERAGE(F18:H18) -> 19.11 | F18: 18.24 | G18: 19.08 | H18: 20.01 | I18: =G18/F18>2 -> FALSE
A19: ocsrbmkpapp19 | B19: 7.25 | C19: 109634 | D19: =C19/15/60/8 -> 15.226944 | E19: =AVERAGE(F19:H19) -> 17.976667 | F19: 16.81 | G19: 17.86 | H19: 19.26 | I19: =G19/F19>2 -> FALSE
A20: ocsrbmkpapp10 | B20: 7.25 | C20: 109817 | D20: =C20/15/60/8 -> 15.252361 | E20: =AVERAGE(F20:H20) -> 18.093333 | F20: 17.01 | G20: 17.73 | H20: 19.54 | I20: =G20/F20>2 -> FALSE
... A29: ocsrbmkpapp15 | B29: 7.25 | C29: 111124 | D29: =C29/15/60/8 -> 15.433889 | E29: =AVERAGE(F29:H29) -> 18.746667 | F29: 17.18 | G29: 18.33 | H29: 20.73 | I29: =G29/F29>2 -> FALSE
A30: ocsrbmkpapp16 | B30: 0.25 | C30: 117067 | D30: =C30/15/60/8 -> 16.259306 | F30: 19.25 | G30: 55.71 | H30: 42.24 | I30: =G30/F30>2 -> TRUE
A31: ocsrbmkpapp3 | B31: 0.25 | C31: 117465 | D31: =C31/15/60/8 -> 16.314583 | F31: 16.79 | G31: 48.66 | H31: 35.52 | I31: =G31/F31>2 -> TRUE
A32: ocsrbmkpapp1 | B32: 0.25 | C32: 117601 | D32: =C32/15/60/8 -> 16.333472 | F32: 16.27 | G32: 55.7 | H32: 42.06 | I32: =G32/F32>2 -> TRUE
A33: ocsrbmkpapp13 | B33: 0.25 | C33: 118027 | D33: =C33/15/60/8 -> 16.392639 | F33: 17.45 | G33: 55.95 | H33: 38.19 | I33: =G33/F33>2 -> TRUE
A34: ocsrbmkpapp2 | B34: 0.25 | C34: 118323 | D34: =C34/15/60/8 -> 16.43375 | F34: 16.53 | G34: 56.9 | H34: 43.1 | I34: =G34/F34>2 -> TRUE
A35: ocsrbmkpapp6 | B35: 0.25 | C35: 118755 | D35: =C35/15/60/8 -> 16.49375 | F35: 17.62 | G35: 55.36 | H35: 43.11 | I35: =G35/F35>2 -> TRUE
A36: ocsrbmkpapp5 | B36: 0.25 | C36: 119036 | D36: =C36/15/60/8 -> 16.532778 | F36: 17.61 | G36: 56.22 | H36: 43.87 | I36: =G36/F36>2 -> TRUE
A37: ocsrbmkpapp20 | B37: 0.25 | C37: 119150 | D37: =C37/15/60/8 -> 16.548611 | F37: 17.53 | G37: 58 | H37: 39.3 | I37: =G37/F37>2 -> TRUE
A38: ocsrbmkpapp18 | B38: 0.25 | C38: 119217 | D38: =C38/15/60/8 -> 16.557917 | F38: 18.11 | G38: 57.06 | H38: 42.54 | I38: =G38/F38>2 -> TRUE
A39: ocsrbmkpapp9 | B39: 0.25 | C39: 119595 | D39: =C39/15/60/8 -> 16.610417 | F39: 16.86 | G39: 57.58 | H39: 45.09 | I39: =G39/F39>2 -> TRUE
A40: ocsrbmkpapp17 | B40: 0.25 | C40: 119614 | D40: =C40/15/60/8 -> 16.613056 | F40: 19.43 | G40: 58.91 | H40: 46.58 | I40: =G40/F40>2 -> TRUE
A41: ocsrbmkpapp10 | B41: 0.25 | C41: 119770 | D41: =C41/15/60/8 -> 16.634722 | F41: 16.76 | G41: 55.41 | H41: 40.08 | I41: =G41/F41>2 -> TRUE
... A48: ocsrbmkpapp21 | B48: 0.25 | C48: 120899 | D48: =C48/15/60/8 -> 16.791528 | F48: 17.49 | G48: 61.1 | H48: 45.86 | I48: =G48/F48>2 -> TRUE
A49: ocsrbmkpapp1 | B49: 2 | C49: 35329 | D49: =C49/15/60/8 -> 4.9068056 | F49: 7.83 | G49: 8.47 | H49: 12.08 | I49: =AVERAGE(F49:H49) -> 9.46
A50: ocsrbmkpapp1 | B50: 2.25 | C50: 31484 | D50: =C50/15/60/8 -> 4.3727778 | F50: 16.95 | G50: 12.43 | H50: 17.81 | I50: =AVERAGE(F50:H50) -> 15.73
A51: ocsrbmkpapp1 | B51: 2.5 | C51: 26337 | D51: =C51/15/60/8 -> 3.6579167 | F51: 16.58 | G51: 16.7 | H51: 16.2 | I51: =AVERAGE(F51:H51) -> 16.493333
A52: ocsrbmkpapp1 | B52: 2.75 | C52: 24358 | D52: =C52/15/60/8 -> 3.3830556 | F52: 9.49 | G52: 9.57 | H52: 34.95 | I52: =AVERAGE(F52:H52) -> 18.003333
A53: ocsrbmkpapp14 | B53: 0.25 | C53: 121000 | D53: =C53/15/60/8 -> 16.805556 | F53: 17.1 | G53: 57.4 | H53: 41.5 | I53: =G53/F53>2 -> TRUE
A54: ocsrbmkpapp1 | B54: 7.5 | C54: 121158 | D54: =C54/15/60/8 -> 16.8275 | E54: =AVERAGE(F54:H54) -> 20.693333 | F54: 20.33 | G54: 20.67 | H54: 21.08 | I54: =G54/F54>2 -> FALSE
A55: ocsrbmkpapp7 | B55: 0.25 | C55: 121516 | D55: =C55/15/60/8 -> 16.877222 | F55: 16.66 | G55: 56.24 | H55: 44.47 | I55: =G55/F55>2 -> TRUE
A56: ocsrbmkpapp15 | B56: 0.25 | C56: 121629 | D56: =C56/15/60/8 -> 16.892917 | F56: 17.93 | G56: 55.91 | H56: 37.8 | I56: =G56/F56>2 -> TRUE
A57: ocsrbmkpapp18 | B57: 7.5 | C57: 122087 | D57: =C57/15/60/8 -> 16.956528 | E57: =AVERAGE(F57:H57) -> 20.58 | F57: 20.58 | G57: 18.78 | H57: 22.38 | I57: =G57/F57>2 -> FALSE
A58: ocsrbmkpapp2 | B58: 7.5 | C58: 122408 | D58: =C58/15/60/8 -> 17.001111 | E58: =AVERAGE(F58:H58) -> 20.386667 | F58: 19.94 | G58: 20 | H58: 21.22 | I58: =G58/F58>2 -> FALSE
A59: ocsrbmkpapp22 | B59: 7.5 | C59: 122556 | D59: =C59/15/60/8 -> 17.021667 | E59: =AVERAGE(F59:H59) -> 20.3 | F59: 21.87 | G59: 19.41 | H59: 19.62 | I59: =G59/F59>2 -> FALSE
A60: ocsrbmkpapp8 | B60: 7.5 | C60: 122771 | D60: =C60/15/60/8 -> 17.051528 | E60: =AVERAGE(F60:H60) -> 22.2 | F60: 21.07 | G60: 22.26 | H60: 23.27 | I60: =G60/F60>2 -> FALSE
A61: ocsrbmkpapp17 | B61: 7.5 | C61: 123056 | D61: =C61/15/60/8 -> 17.091111 | E61: =AVERAGE(F61:H61) -> 21.086667 | F61: 20.76 | G61: 19.73 | H61: 22.77 | I61: =G61/F61>2 -> FALSE
A62: ocsrbmkpapp11 | B62: 7.5 | C62: 123367 | D62: =C62/15/60/8 -> 17.134306 | E62: =AVERAGE(F62:H62) -> 20.73 | F62: 18.51 | G62: 20.95 | H62: 22.73 | I62: =G62/F62>2 -> FALSE
A63: ocsrbmkpapp9 | B63: 7.5 | C63: 123595 | D63: =C63/15/60/8 -> 17.165972 | E63: =AVERAGE(F63:H63) -> 20.41 | F63: 19.91 | G63: 20.07 | H63: 21.25 | I63: =G63/F63>2 -> FALSE
A64: ocsrbmkpapp16 | B64: 7.5 | C64: 123642 | D64: =C64/15/60/8 -> 17.1725 | E64: =AVERAGE(F64:H64) -> 21.47 | F64: 20.85 | G64: 21.26 | H64: 22.3 | I64: =G64/F64>2 -> FALSE
A65: ocsrbmkpapp14 | B65: 7.5 | C65: 123825 | D65: =C65/15/60/8 -> 17.197917 | E65: =AVERAGE(F65:H65) -> 21.783333 | F65: 22.56 | G65: 20.17 | H65: 22.62 | I65: =G65/F65>2 -> FALSE
A66: ocsrbmkpapp19 | B66: 7.5 | C66: 123870 | D66: =C66/15/60/8 -> 17.204167 | E66: =AVERAGE(F66:H66) -> 20.573333 | F66: 20.8 | G66: 19.66 | H66: 21.26 | I66: =G66/F66>2 -> FALSE
A67: ocsrbmkpapp3 | B67: 7.5 | C67: 123916 | D67: =C67/15/60/8 -> 17.210556 | E67: =AVERAGE(F67:H67) -> 21 | F67: 20.19 | G67: 20.05 | H67: 22.76 | I67: =G67/F67>2 -> FALSE
A68: ocsrbmkpapp5 | B68: 7.5 | C68: 124014 | D68: =C68/15/60/8 -> 17.224167 | E68: =AVERAGE(F68:H68) -> 21.216667 | F68: 20.68 | G68: 21.16 | H68: 21.81 | I68: =G68/F68>2 -> FALSE
A69: ocsrbmkpapp15 | B69: 7.5 | C69: 124525 | D69: =C69/15/60/8 -> 17.295139 | E69: =AVERAGE(F69:H69) -> 20.716667 | F69: 20.03 | G69: 19.79 | H69: 22.33 | I69: =G69/F69>2 -> FALSE
A70: ocsrbmkpapp1 | B70: 3 | C70: 22403 | D70: =C70/15/60/8 -> 3.1115278 | F70: 11 | G70: 6.99 | H70: 6.59
A71: ocsrbmkpapp1 | B71: 3.25 | C71: 21038 | D71: =C71/15/60/8 -> 2.9219444 | F71: 5.06 | G71: 6.03 | H71: 12.49
A72: ocsrbmkpapp1 | B72: 3.5 | C72: 19574 | D72: =C72/15/60/8 -> 2.7186111 | F72: 12.09 | G72: 10.96 | H72: 14.59
A73: ocsrbmkpapp1 | B73: 3.75 | C73: 18041 | D73: =C73/15/60/8 -> 2.5056944 | F73: 12.64 | G73: 4.85 | H73: 5.21
A74: ocsrbmkpapp1 | B74: 4 | C74: 18272 | D74: =C74/15/60/8 -> 2.5377778 | F74: 5.25 | G74: 5.66 | H74: 5.02
A75: ocsrbmkpapp1 | B75: 4.25 | C75: 19326 | D75: =C75/15/60/8 -> 2.6841667 | F75: 4.67 | G75: 4.77 | H75: 4.84
A76: ocsrbmkpapp1 | B76: 4.5 | C76: 17582 | D76: =C76/15/60/8 -> 2.4419444 | F76: 4.98 | G76: 5.07 | H76: 4.8
A77: ocsrbmkpapp1 | B77: 4.75 | C77: 18571 | D77: =C77/15/60/8 -> 2.5793056 | F77: 4.41 | G77: 5.37 | H77: 4.98
A78: ocsrbmkpapp1 | B78: 5 | C78: 19284 | D78: =C78/15/60/8 -> 2.6783333 | F78: 5.05 | G78: 5.44 | H78: 5.58
A79: ocsrbmkpapp1 | B79: 5.25 | C79: 21272 | D79: =C79/15/60/8 -> 2.9544444 | F79: 5.36 | G79: 4.77 | H79: 6.55
A80: ocsrbmkpapp1 | B80: 5.5 | C80: 24447 | D80: =C80/15/60/8 -> 3.3954167 | F80: 5.91 | G80: 6.3 | H80: 6.9
A81: ocsrbmkpapp1 | B81: 5.75 | C81: 30089 | D81: =C81/15/60/8 -> 4.1790278 | F81: 6.01 | G81: 6.33 | H81: 7.41
... A86: ocsrbmkpapp1 | B86: 7 | C86: 90107 | D86: =C86/15/60/8 -> 12.514861 | F86: 15.37 | G86: 16.08 | H86: 18.66
A87: ocsrbmkpapp10 | B87: 7.5 | C87: 124651 | D87: =C87/15/60/8 -> 17.312639 | E87: =AVERAGE(F87:H87) -> 20.73 | F87: 20.75 | G87: 19.64 | H87: 21.8 | I87: =G87/F87>2 -> FALSE
A88: ocsrbmkpapp6 | B88: 7.5 | C88: 124760 | D88: =C88/15/60/8 -> 17.327778 | E88: =AVERAGE(F88:H88) -> 20.69 | F88: 20.69 | G88: 20.26 | H88: 21.12 | I88: =G88/F88>2 -> FALSE
A89: ocsrbmkpapp12 | B89: 7.5 | C89: 124911 | D89: =C89/15/60/8 -> 17.34875 | E89: =AVERAGE(F89:H89) -> 20.66 | F89: 19.98 | G89: 20.09 | H89: 21.91 | I89: =G89/F89>2 -> FALSE
A90: ocsrbmkpapp20 | B90: 7.5 | C90: 125133 | D90: =C90/15/60/8 -> 17.379583 | E90: =AVERAGE(F90:H90) -> 20.22 | F90: 21.54 | G90: 19.46 | H90: 19.66 | I90: =G90/F90>2 -> FALSE
A91: ocsrbmkpapp13 | B91: 7.5 | C91: 125218 | D91: =C91/15/60/8 -> 17.391389 | E91: =AVERAGE(F91:H91) -> 21.206667 | F91: 20.72 | G91: 20.07 | H91: 22.83 | I91: =G91/F91>2 -> FALSE
A92: ocsrbmkpapp21 | B92: 7.5 | C92: 125276 | D92: =C92/15/60/8 -> 17.399444 | E92: =AVERAGE(F92:H92) -> 20.443333 | F92: 20.35 | G92: 20.07 | H92: 20.91 | I92: =G92/F92>2 -> FALSE
A93: ocsrbmkpapp4 | B93: 7.5 | C93: 125734 | D93: =C93/15/60/8 -> 17.463056 | E93: =AVERAGE(F93:H93) -> 21.516667 | F93: 20.87 | G93: 21.12 | H93: 22.56 | I93: =G93/F93>2 -> FALSE
A94: ocsrbmkpapp7 | B94: 7.5 | C94: 126198 | D94: =C94/15/60/8 -> 17.5275 | E94: =AVERAGE(F94:H94) -> 21.29 | F94: 22.01 | G94: 20.68 | H94: 21.18 | I94: =G94/F94>2 -> FALSE
A95: ocsrbmkpapp16 | B95: 7.75 | C95: 133428 | D95: =C95/15/60/8 -> 18.531667 | E95: =AVERAGE(F95:H95) -> 22.776667 | F95: 21.91 | G95: 23.15 | H95: 23.27 | I95: =G95/F95>2 -> FALSE
A96: ocsrbmkpapp10 | B96: 7.75 | C96: 133944 | D96: =C96/15/60/8 -> 18.603333 | E96: =AVERAGE(F96:H96) -> 21.62 | F96: 20.3 | G96: 21.78 | H96: 22.78 | I96: =G96/F96>2 -> FALSE
A97: ocsrbmkpapp1 | B97: 7.75 | C97: 134046 | D97: =C97/15/60/8 -> 18.6175 | E97: =AVERAGE(F97:H97) -> 22.63 | F97: 21.72 | G97: 22.16 | H97: 24.01 | I97: =G97/F97>2 -> FALSE
A98: ocsrbmkpapp2 | B98: 7.75 | C98: 134639 | D98: =C98/15/60/8 -> 18.699861 | E98: =AVERAGE(F98:H98) -> 22.303333 | F98: 20.42 | G98: 23.12 | H98: 23.37 | I98: =G98/F98>2 -> FALSE
A99: ocsrbmkpapp10 | B99: 0.5 | C99: 92897 | D99: =C99/15/60/8 -> 12.902361 | F99: 41.19 | G99: 40.06 | H99: 41.93
A100: ocsrbmkpapp10 | B100: 0.75 | C100: 74037 | D100: =C100/15/60/8 -> 10.282917 | F100: 17.14 | G100: 19.27 | H100: 18.4
A101: ocsrbmkpapp10 | B101: 1 | C101: 61778 | D101: =C101/15/60/8 -> 8.5802778 | F101: 24.75 | G101: 13.63 | H101: 10.05
A102: ocsrbmkpapp10 | B102: 1.25 | C102: 58324 | D102: =C102/15/60/8 -> 8.1005556 | F102: 9.21 | G102: 8.1 | H102: 17.13
A103: ocsrbmkpapp10 | B103: 1.5 | C103: 46499 | D103: =C103/15/60/8 -> 6.4581944 | F103: 13.5 | G103: 14.24 | H103: 14.4
A104: ocsrbmkpapp10 | B104: 1.75 | C104: 41805 | D104: =C104/15/60/8 -> 5.80625 | F104: 14.44 | G104: 6.66 | H104: 17.23
A105: ocsrbmkpapp22 | B105: 7.75 | C105: 134744 | D105: =C105/15/60/8 -> 18.714444 | E105: =AVERAGE(F105:H105) -> 22.36 | F105: 23.96 | G105: 21.57 | H105: 21.55 | I105: =G105/F105>2 -> FALSE
A106: ocsrbmkpapp3 | B106: 7.75 | C106: 135451 | D106: =C106/15/60/8 -> 18.812639 | E106: =AVERAGE(F106:H106) -> 22.11 | F106: 20.72 | G106: 22.5 | H106: 23.11 | I106: =G106/F106>2 -> FALSE
A107: ocsrbmkpapp5 | B107: 7.75 | C107: 135772 | D107: =C107/15/60/8 -> 18.857222 | E107: =AVERAGE(F107:H107) -> 22.073333 | F107: 20.24 | G107: 22.34 | H107: 23.64 | I107: =G107/F107>2 -> FALSE
A108: ocsrbmkpapp15 | B108: 7.75 | C108: 135927 | D108: =C108/15/60/8 -> 18.87875 | E108: =AVERAGE(F108:H108) -> 22.17 | F108: 20.62 | G108: 22.23 | H108: 23.66 | I108: =G108/F108>2 -> FALSE
A109: ocsrbmkpapp18 | B109: 7.75 | C109: 136104 | D109: =C109/15/60/8 -> 18.903333 | E109: =AVERAGE(F109:H109) -> 22.93 | F109: 22.16 | G109: 22.63 | H109: 24 | I109: =G109/F109>2 -> FALSE
A110: ocsrbmkpapp8 | B110: 7.75 | C110: 136184 | D110: =C110/15/60/8 -> 18.914444 | E110: =AVERAGE(F110:H110) -> 23.823333 | F110: 21.34 | G110: 24.87 | H110: 25.26 | I110: =G110/F110>2 -> FALSE
A111: ocsrbmkpapp19 | B111: 7.75 | C111: 136370 | D111: =C111/15/60/8 -> 18.940278 | E111: =AVERAGE(F111:H111) -> 22.233333 | F111: 22.25 | G111: 22.47 | H111: 21.98 | I111: =G111/F111>2 -> FALSE
A112: ocsrbmkpapp6 | B112: 7.75 | C112: 136471 | D112: =C112/15/60/8 -> 18.954306 | E112: =AVERAGE(F112:H112) -> 22.18 | F112: 21.33 | G112: 22.29 | H112: 22.92 | I112: =G112/F112>2 -> FALSE
A113: ocsrbmkpapp9 | B113: 7.75 | C113: 136666 | D113: =C113/15/60/8 -> 18.981389 | E113: =AVERAGE(F113:H113) -> 22.186667 | F113: 20.44 | G113: 22.42 | H113: 23.7 | I113: =G113/F113>2 -> FALSE
A114: ocsrbmkpapp14 | B114: 7.75 | C114: 136745 | D114: =C114/15/60/8 -> 18.992361 | E114: =AVERAGE(F114:H114) -> 23.333333 | F114: 22.65 | G114: 23.26 | H114: 24.09 | I114: =G114/F114>2 -> FALSE
A115: ocsrbmkpapp12 | B115: 7.75 | C115: 136976 | D115: =C115/15/60/8 -> 19.024444 | E115: =AVERAGE(F115:H115) -> 22.56 | F115: 21.44 | G115: 21.58 | H115: 24.66 | I115: =G115/F115>2 -> FALSE
A116: ocsrbmkpapp7 | B116: 7.75 | C116: 137049 | D116: =C116/15/60/8 -> 19.034583 | E116: =AVERAGE(F116:H116) -> 22.44 | F116: 20.2 | G116: 23.84 | H116: 23.28 | I116: =G116/F116>2 -> FALSE
... A144: ocsrbmkpapp21 | B144: 8 | C144: 150724 | D144: =C144/15/60/8 -> 20.933889 | E144: =AVERAGE(F144:H144) -> 26.166667 | F144: 25.53 | G144: 27.21 | H144: 25.76 | I144: =G144/F144>2 -> FALSE
A145: ocsrbmkpapp10 | B145: 2 | C145: 37095 | D145: =C145/15/60/8 -> 5.1520833 | F145: 8.42 | G145: 8.93 | H145: 8.23
...

Sheet TBS filtered data
E3: Average of CPU in 5 min
A4: HOST_NAME | B4: hour (rounded to 15 min) | C4: Sum of Sum of TOTAL_MSG_NUMBER | D4: EPS/core (avg over 15 min) | E4: CPU 1 | F4: CPU 2 | G4: CPU 3 | H4: Avg CPU
A5: rbs-siapp01 | B5: 0.25 | C5: 48008 | D5: =C5/15/60/8 -> 6.6677778 | E5: 7.91 | F5: 15.35 | G5: 18.77 | H5: =AVERAGE(E5:G5) -> 14.01
A6: rbs-siapp01 | B6: 0.5 | C6: 37778 | D6: =C6/15/60/8 -> 5.2469444 | E6: 55.18 | F6: 38.33 | G6: 20.03 | H6: =AVERAGE(E6:G6) -> 37.846667
A7: rbs-siapp01 | B7: 0.75 | C7: 34260 | D7: =C7/15/60/8 -> 4.7583333 | E7: 14.87 | F7: 6.01 | G7: 8.11 | H7: =AVERAGE(E7:G7) -> 9.6633333
A8: rbs-siapp01 | B8: 1 | C8: 29367 | D8: =C8/15/60/8 -> 4.07875 | E8: 8.16 | F8: 13.05 | G8: 6.67 | H8: =AVERAGE(E8:G8) -> 9.2933333
A9: rbs-siapp01 | B9: 1.25 | C9: 26022 | D9: =C9/15/60/8 -> 3.6141667 | E9: 6.14 | F9: 14.28 | G9: 15.41 | H9: =AVERAGE(E9:G9) -> 11.943333
A10: rbs-siapp01 | B10: 1.5 | C10: 21397 | D10: =C10/15/60/8 -> 2.9718056 | E10: 13.66 | F10: 11.57 | G10: 5.55 | H10: =AVERAGE(E10:G10) -> 10.26
A11: rbs-siapp01 | B11: 1.75 | C11: 20438 | D11: =C11/15/60/8 -> 2.8386111 | E11: 5.13 | F11: 4.76 | G11: 5.87 | H11: =AVERAGE(E11:G11) -> 5.2533333
A12: rbs-siapp01 | B12: 2 | C12: 18275 | D12: =C12/15/60/8 -> 2.5381944 | E12: 5.23 | F12: 4.42 | G12: 5.43 | H12: =AVERAGE(E12:G12) -> 5.0266667
A13: rbs-siapp01 | B13: 2.25 | C13: 18042 | D13: =C13/15/60/8 -> 2.5058333 | E13: 5.31 | F13: 4.8 | G13: 5.45 | H13: =AVERAGE(E13:G13) -> 5.1866667
A14: rbs-siapp01 | B14: 2.5 | C14: 16430 | D14: =C14/15/60/8 -> 2.2819444 | E14: 4.73 | F14: 4.26 | G14: 4.92 | H14: =AVERAGE(E14:G14) -> 4.6366667
A15: rbs-siapp01 | B15: 2.75 | C15: 15824 | D15: =C15/15/60/8 -> 2.1977778 | E15: 4.41 | F15: 4.31 | G15: 5.12 | H15: =AVERAGE(E15:G15) -> 4.6133333
A16: rbs-siapp01 | B16: 3 | C16: 14921 | D16: =C16/15/60/8 -> 2.0723611 | E16: 4.08 | F16: 4.3 | G16: 4.89 | H16: =AVERAGE(E16:G16) -> 4.4233333
... A99: rbs-siapp01 | B99: 6.5 | C99: 91572 | D99: =C99/15/60/8 -> 12.718333 | E99: 15.31 | F99: 16.1 | G99: 17.28 | H99: =AVERAGE(E99:G99) -> 16.23
A100: rbs-siapp01 | B100: 24 | C100: 65585 | D100: =C100/15/60/8 -> 9.1090278 | E100: 10.76 | F100: 9.74 | H100: =AVERAGE(E100:G100) -> 10.25
A101: rbs-siapp02 | B101: 0.25 | C101: 48402 | D101: =C101/15/60/8 -> 6.7225 | E101: 8.17 | F101: 16.45 | G101: 19.01 | H101: =AVERAGE(E101:G101) -> 14.543333
A102: rbs-siapp02 | B102: 0.5 | C102: 37598 | D102: =C102/15/60/8 -> 5.2219444 | E102: 55.31 | F102: 34.63 | G102: 31.58 | H102: =AVERAGE(E102:G102) -> 40.506667
A103: rbs-siapp02 | B103: 0.75 | C103: 32929 | D103: =C103/15/60/8 -> 4.5734722 | E103: 20.39 | F103: 6.87 | G103: 5.9 | H103: =AVERAGE(E103:G103) -> 11.053333
A104: rbs-siapp02 | B104: 1 | C104: 28744 | D104: =C104/15/60/8 -> 3.9922222 | E104: 9.51 | F104: 13.07 | G104: 7.04 | H104: =AVERAGE(E104:G104) -> 9.8733333
A105: rbs-siapp02 | B105: 1.25 | C105: 25986 | D105: =C105/15/60/8 -> 3.6091667 | E105: 5.83 | F105: 14.91 | G105: 15.37 | H105: =AVERAGE(E105:G105) -> 12.036667
A106: rbs-siapp02 | B106: 1.5 | C106: 21330 | D106: =C106/15/60/8 -> 2.9625 | E106: 14.19 | F106: 5.28 | G106: 5.97 | H106: =AVERAGE(E106:G106) -> 8.48
A107: rbs-siapp02 | B107: 1.75 | C107: 20280 | D107: =C107/15/60/8 -> 2.8166667 | E107: 4.9 | F107: 4.69 | G107: 5.28 | H107: =AVERAGE(E107:G107) -> 4.9566667
A108: rbs-siapp02 | B108: 2 | C108: 18441 | D108: =C108/15/60/8 -> 2.56125 | E108: 5.01 | F108: 4.88 | G108: 5.63 | H108: =AVERAGE(E108:G108) -> 5.1733333
A109: rbs-siapp02 | B109: 2.25 | C109: 17888 | D109: =C109/15/60/8 -> 2.4844444 | E109: 5.15 | F109: 4.52 | G109: 5.01 | H109: =AVERAGE(E109:G109) -> 4.8933333
A110: rbs-siapp02 | B110: 2.5 | C110: 15901 | D110: =C110/15/60/8 -> 2.2084722 | E110: 4.55 | F110: 4.55 | G110: 5.12 | H110: =AVERAGE(E110:G110) -> 4.74
A111: rbs-siapp02 | B111: 2.75 | C111: 15285 | D111: =C111/15/60/8 -> 2.1229167 | E111: 4.26 | F111: 4.02 | G111: 4.3 | H111: =AVERAGE(E111:G111) -> 4.1933333
A112: rbs-siapp02 | B112: 3 | C112: 14178 | D112: =C112/15/60/8 -> 1.9691667 | E112: 3.88 | F112: 4.6 | G112: 5.06 | H112: =AVERAGE(E112:G112) -> 4.5133333
... A195: rbs-siapp18 | B195: 7.25 | C195: 121149 | D195: =C195/15/60/8 -> 16.82625 | E195: 17.43 | F195: 19.14 | G195: 20.45 | H195: =AVERAGE(E195:G195) -> 19.006667
A196: rbs-siapp02 | B196: 24 | C196: 66291 | D196: =C196/15/60/8 -> 9.2070833 | E196: 10.47 | F196: 10.42 | H196: =AVERAGE(E196:G196) -> 10.445
A197: rbs-siapp03 | B197: 0.25 | C197: 48862 | D197: =C197/15/60/8 -> 6.7863889 | E197: 8.19 | F197: 13.27 | G197: 18.57 | H197: =AVERAGE(E197:G197) -> 13.343333
A198: rbs-siapp03 | B198: 0.5 | C198: 37974 | D198: =C198/15/60/8 -> 5.2741667 | E198: 53.9 | F198: 38.15 | G198: 38.56 | H198: =AVERAGE(E198:G198) -> 43.536667
A199: rbs-siapp03 | B199: 0.75 | C199: 34017 | D199: =C199/15/60/8 -> 4.7245833 | E199: 22.27 | F199: 7.58 | G199: 7.15 | H199: =AVERAGE(E199:G199) -> 12.333333
A200: rbs-siapp03 | B200: 1 | C200: 28794 | D200: =C200/15/60/8 -> 3.9991667 | E200: 11.65 | F200: 14.55 | G200: 7.19 | H200: =AVERAGE(E200:G200) -> 11.13
A201: rbs-siapp03 | B201: 1.25 | C201: 26811 | D201: =C201/15/60/8 -> 3.72375 | E201: 6.71 | F201: 12.18 | G201: 16.22 | H201: =AVERAGE(E201:G201) -> 11.703333
A202: rbs-siapp03 | B202: 1.5 | C202: 21511 | D202: =C202/15/60/8 -> 2.9876389 | E202: 14.62 | F202: 13.27 | G202: 6.51 | H202: =AVERAGE(E202:G202) -> 11.466667
A203: rbs-siapp03 | B203: 1.75 | C203: 19689 | D203: =C203/15/60/8 -> 2.7345833 | E203: 5 | F203: 4.55 | G203: 5.88 | H203: =AVERAGE(E203:G203) -> 5.1433333
A204: rbs-siapp03 | B204: 2 | C204: 18113 | D204: =C204/15/60/8 -> 2.5156944 | E204: 5.84 | F204: 4.77 | G204: 5.2 | H204: =AVERAGE(E204:G204) -> 5.27
A205: rbs-siapp03 | B205: 2.25 | C205: 17258 | D205: =C205/15/60/8 -> 2.3969444 | E205: 5.44 | F205: 4.39 | G205: 5.44 | H205: =AVERAGE(E205:G205) -> 5.09
A206: rbs-siapp03 | B206: 2.5 | C206: 16057 | D206: =C206/15/60/8 -> 2.2301389 | E206: 5.32 | F206: 4.16 | G206: 4.76 | H206: =AVERAGE(E206:G206) -> 4.7466667
A207: rbs-siapp03 | B207: 2.75 | C207: 15093 | D207: =C207/15/60/8 -> 2.09625 | E207: 4.43 | F207: 4.05 | G207: 5.24 | H207: =AVERAGE(E207:G207) -> 4.5733333
A208: rbs-siapp03 | B208: 3 | C208: 14768 | D208: =C208/15/60/8 -> 2.0511111 | E208: 4.82 | F208: 4.47 | G208: 4.58 | H208: =AVERAGE(E208:G208) -> 4.6233333
... A291: rbs-siapp22 | B291: 8 | C291: 141471 | D291: =C291/15/60/8 -> 19.64875 | E291: 31.13 | F291: 24.74 | G291: 25.91 | H291: =AVERAGE(E291:G291) -> 27.26
A292: rbs-siapp03 | B292: 24 | C292: 67966 | D292: =C292/15/60/8 -> 9.4397222 | E292: 11.83 | F292: 10.15 | H292: =AVERAGE(E292:G292) -> 10.99
A293: rbs-siapp04 | B293: 0.25 | C293: 48419 | D293: =C293/15/60/8 -> 6.7248611 | E293: 7.66 | F293: 13.56 | G293: 16.67 | H293: =AVERAGE(E293:G293) -> 12.63
A294: rbs-siapp04 | B294: 0.5 | C294: 37768 | D294: =C294/15/60/8 -> 5.2455556 | E294: 51.91 | F294: 36.94 | G294: 37.72 | H294: =AVERAGE(E294:G294) -> 42.19
A295: rbs-siapp04 | B295: 0.75 | C295: 33775 | D295: =C295/15/60/8 -> 4.6909722 | E295: 22.74 | F295: 6.86 | G295: 7.45 | H295: =AVERAGE(E295:G295) -> 12.35
A296: rbs-siapp04 | B296: 1 | C296: 29230 | D296: =C296/15/60/8 -> 4.0597222 | E296: 9.18 | F296: 13.08 | G296: 6.37 | H296: =AVERAGE(E296:G296) -> 9.5433333
A297: rbs-siapp04 | B297: 1.25 | C297: 26487 | D297: =C297/15/60/8 -> 3.67875 | E297: 6.17 | F297: 14.58 | G297: 14.78 | H297: =AVERAGE(E297:G297) -> 11.843333
A298: rbs-siapp04 | B298: 1.5 | C298: 21752 | D298: =C298/15/60/8 -> 3.0211111 | E298: 13.29 | F298: 13.08 | G298: 11.36 | H298: =AVERAGE(E298:G298) -> 12.576667
A299: rbs-siapp04 | B299: 1.75 | C299: 20464 | D299: =C299/15/60/8 -> 2.8422222 | E299: 7.24 | F299: 6.88 | G299: 5.31 | H299: =AVERAGE(E299:G299) -> 6.4766667
A300: rbs-siapp04 | B300: 2 | C300: 17865 | D300: =C300/15/60/8 -> 2.48125 | E300: 6.32 | F300: 4.44 | G300: 5.06 | H300: =AVERAGE(E300:G300) -> 5.2733333
A301: rbs-siapp04 | B301: 2.25 | C301: 17229 | D301: =C301/15/60/8 -> 2.3929167 | E301: 4.92 | F301: 4.54 | G301: 4.83 | H301: =AVERAGE(E301:G301) -> 4.7633333
A302: rbs-siapp04 | B302: 2.5 | C302: 16566 | D302: =C302/15/60/8 -> 2.3008333 | E302: 5.97 | F302: 4.15 | G302: 4.89 | H302: =AVERAGE(E302:G302) -> 5.0033333
A303: rbs-siapp04 | B303: 2.75 | C303: 15194 | D303: =C303/15/60/8 -> 2.1102778 | E303: 4.38 | F303: 3.94 | G303: 4.42 | H303: =AVERAGE(E303:G303) -> 4.2466667
A304: rbs-siapp04 | B304: 3 | C304: 14273 | D304: =C304/15/60/8 -> 1.9823611 | E304: 5.23 | F304: 4.31 | G304: 4.37 | H304: =AVERAGE(E304:G304) -> 4.6366667
... A387: rbs-siapp12 | B387: 9.25 | C387: 158641 | D387: =C387/15/60/8 -> 22.033472 | E387: 31.43 | F387: 26.51 | G387: 30.16 | H387: =AVERAGE(E387:G387) -> 29.366667
A388: rbs-siapp04 | B388: 24 | C388: 67800 | D388: =C388/15/60/8 -> 9.4166667 | E388: 11.81 | F388: 15.25 | H388: =AVERAGE(E388:G388) -> 13.53
A389: rbs-siapp05 | B389: 0.25 | C389: 47366 | D389: =C389/15/60/8 -> 6.5786111 | E389: 7.26 | F389: 13.76 | G389: 17.68 | H389: =AVERAGE(E389:G389) -> 12.9
A390: rbs-siapp05 | B390: 0.5 | C390: 36209 | D390: =C390/15/60/8 -> 5.0290278 | E390: 51.34 | F390: 37 | G390: 37.45 | H390: =AVERAGE(E390:G390) -> 41.93
A391: rbs-siapp05 | B391: 0.75 | C391: 33082 | D391: =C391/15/60/8 -> 4.5947222 | E391: 17 | F391: 6.73 | G391: 5.89 | H391: =AVERAGE(E391:G391) -> 9.8733333
A392: rbs-siapp05 | B392: 1 | C392: 29805 | D392: =C392/15/60/8 -> 4.1395833 | E392: 9.59 | F392: 13.78 | G392: 6.25 | H392: =AVERAGE(E392:G392) -> 9.8733333
A393: rbs-siapp05 | B393: 1.25 | C393: 26840 | D393: =C393/15/60/8 -> 3.7277778 | E393: 5.81 | F393: 13.11 | G393: 14.62 | H393: =AVERAGE(E393:G393) -> 11.18
A394: rbs-siapp05 | B394: 1.5 | C394: 22960 | D394: =C394/15/60/8 -> 3.1888889 | E394: 13.79 | F394: 12.88 | G394: 7.7 | H394: =AVERAGE(E394:G394) -> 11.456667
A395: rbs-siapp05 | B395: 1.75 | C395: 21405 | D395: =C395/15/60/8 -> 2.9729167 | E395: 4.92 | F395: 4.74 | G395: 6.56 | H395: =AVERAGE(E395:G395) -> 5.4066667
A396: rbs-siapp05 | B396: 2 | C396: 19530 | D396: =C396/15/60/8 -> 2.7125 | E396: 8.55 | F396: 7.41 | G396: 5.35 | H396: =AVERAGE(E396:G396) -> 7.1033333
A397: rbs-siapp05 | B397: 2.25 | C397: 18385 | D397: =C397/15/60/8 -> 2.5534722 | E397: 5.04 | F397: 4.58 | G397: 4.83 | H397: =AVERAGE(E397:G397) -> 4.8166667
A398: rbs-siapp05 | B398: 2.5 | C398: 16720 | D398: =C398/15/60/8 -> 2.3222222 | E398: 5.79 | F398: 4.13 | G398: 4.66 | H398: =AVERAGE(E398:G398) -> 4.86
A399: rbs-siapp05 | B399: 2.75 | C399: 15425 | D399: =C399/15/60/8 -> 2.1423611 | E399: 4.25 | F399: 4.03 | G399: 4.33 | H399: =AVERAGE(E399:G399) -> 4.2033333
A400: rbs-siapp05 | B400: 3 | C400: 14359 | D400: =C400/15/60/8 -> 1.9943056 | E400: 5.11 | F400: 4.26 | G400: 4.55 | H400: =AVERAGE(E400:G400) -> 4.64
... A483: rbs-siapp04 | B483: 10 | C483: 169699 | D483: =C483/15/60/8 -> 23.569306 | E483: 26.84 | F483: 26.55 | G483: 28.64 | H483: =AVERAGE(E483:G483) -> 27.343333
A484: rbs-siapp05 | B484: 24 | C484: 64853 | D484: =C484/15/60/8 -> 9.0073611 | E484: 11.44 | F484: 9.5 | H484: =AVERAGE(E484:G484) -> 10.47
A485: rbs-siapp06 | B485: 0.25 | C485: 48491 | D485: =C485/15/60/8 -> 6.7348611 | E485: 7.26 | F485: 14.44 | G485: 19.1 | H485: =AVERAGE(E485:G485) -> 13.6
A486: rbs-siapp06 | B486: 0.5 | C486: 38092 | D486: =C486/15/60/8 -> 5.2905556 | E486: 52.21 | F486: 36.17 | G486: 34.84 | H486: =AVERAGE(E486:G486) -> 41.073333
A487: rbs-siapp06 | B487: 0.75 | C487: 33624 | D487: =C487/15/60/8 -> 4.67 | E487: 18.58 | F487: 5.66 | G487: 6.93 | H487: =AVERAGE(E487:G487) -> 10.39
A488: rbs-siapp06 | B488: 1 | C488: 28997 | D488: =C488/15/60/8 -> 4.0273611 | E488: 11.01 | F488: 11.69 | G488: 6.4 | H488: =AVERAGE(E488:G488) -> 9.7
A489: rbs-siapp06 | B489: 1.25 | C489: 26367 | D489: =C489/15/60/8 -> 3.6620833 | E489: 6 | F489: 13.21 | G489: 15.27 | H489: =AVERAGE(E489:G489) -> 11.493333
A490: rbs-siapp06 | B490: 1.5 | C490: 21260 | D490: =C490/15/60/8 -> 2.9527778 | E490: 12.73 | F490: 12.49 | G490: 12.44 | H490: =AVERAGE(E490:G490) -> 12.553333
A491: rbs-siapp06 | B491: 1.75 | C491: 20469 | D491: =C491/15/60/8 -> 2.8429167 | E491: 5.02 | F491: 4.76 | G491: 5.3 | H491: =AVERAGE(E491:G491) -> 5.0266667
A492: rbs-siapp06 | B492: 2 | C492: 18540 | D492: =C492/15/60/8 -> 2.575 | E492: 6.26 | F492: 4.58 | G492: 4.94 | H492: =AVERAGE(E492:G492) -> 5.26
A493: rbs-siapp06 | B493: 2.25 | C493: 17528 | D493: =C493/15/60/8 -> 2.4344444 | E493: 7.49 | F493: 7.4 | G493: 5.15 | H493: =AVERAGE(E493:G493) -> 6.68
A494: rbs-siapp06 | B494: 2.5 | C494: 16584 | D494: =C494/15/60/8 -> 2.3033333 | E494: 5.97 | F494: 4.16 | G494: 4.52 | H494: =AVERAGE(E494:G494) -> 4.8833333
A495: rbs-siapp06 | B495: 2.75 | C495: 14940 | D495: =C495/15/60/8 -> 2.075 | E495: 4.48 | F495: 4.12 | G495: 4.37 | H495: =AVERAGE(E495:G495) -> 4.3233333
A496: rbs-siapp06 | B496: 3 | C496: 13703 | D496: =C496/15/60/8 -> 1.9031944 | E496: 5.32 | F496: 3.96 | G496: 4.48 | H496: =AVERAGE(E496:G496) -> 4.5866667
... A579: rbs-siapp16 | B579: 10.75 | C579: 173499 | D579: =C579/15/60/8 -> 24.097083 | E579: 27.79 | F579: 27.43 | G579: 29.46 | H579: =AVERAGE(E579:G579) -> 28.226667
A580: rbs-siapp06 | B580: 24 | C580: 65701 | D580: =C580/15/60/8 -> 9.1251389 | E580: 11.74 | F580: 9.97 | H580: =AVERAGE(E580:G580) -> 10.855
A581: rbs-siapp07 | B581: 0.25 | C581: 48792 | D581: =C581/15/60/8 -> 6.7766667 | E581: 8.29 | F581: 16.14 | G581: 18.64 | H581: =AVERAGE(E581:G581) -> 14.356667
A582: rbs-siapp07 | B582: 0.5 | C582: 37885 | D582: =C582/15/60/8 -> 5.2618056 | E582: 55.52 | F582: 32.43 | G582: 31.76 | H582: =AVERAGE(E582:G582) -> 39.903333
A583: rbs-siapp07 | B583: 0.75 | C583: 33982 | D583: =C583/15/60/8 -> 4.7197222 | E583: 15.56 | F583: 5.59 | G583: 7.83 | H583: =AVERAGE(E583:G583) -> 9.66
A584: rbs-siapp07 | B584: 1 | C584: 29068 | D584: =C584/15/60/8 -> 4.0372222 | E584: 5.41 | F584: 15.75 | G584: 6.76 | H584: =AVERAGE(E584:G584) -> 9.3066667
A585: rbs-siapp07 | B585: 1.25 | C585: 26422 | D585: =C585/15/60/8 -> 3.6697222 | E585: 5.97 | F585: 11.49 | G585: 15.01 | H585: =AVERAGE(E585:G585) -> 10.823333
A586: rbs-siapp07 | B586: 1.5 | C586: 22117 | D586: =C586/15/60/8 -> 3.0718056 | E586: 13.91 | F586: 13.62 | G586: 5.81 | H586: =AVERAGE(E586:G586) -> 11.113333
A587: rbs-siapp07 | B587: 1.75 | C587: 20649 | D587: =C587/15/60/8 -> 2.8679167 | E587: 4.98 | F587: 4.56 | G587: 5.47 | H587: =AVERAGE(E587:G587) -> 5.0033333
A588: rbs-siapp07 | B588: 2 | C588: 18795 | D588: =C588/15/60/8 -> 2.6104167 | E588: 4.96 | F588: 4.75 | G588: 5.51 | H588: =AVERAGE(E588:G588) -> 5.0733333
A589: rbs-siapp07 | B589: 2.25 | C589: 17526 | D589: =C589/15/60/8 -> 2.4341667 | E589: 4.66 | F589: 4.58 | G589: 5.05 | H589: =AVERAGE(E589:G589) -> 4.7633333
A590: rbs-siapp07 | B590: 2.5 | C590: 16616 | D590: =C590/15/60/8 -> 2.3077778 | E590: 4.66 | F590: 4.26 | G590: 5.02 | H590: =AVERAGE(E590:G590) -> 4.6466667
A591: rbs-siapp07 | B591: 2.75 | C591: 15811 | D591: =C591/15/60/8 -> 2.1959722 | E591: 4.51 | F591: 4.04 | G591: 4.84 | H591: =AVERAGE(E591:G591) -> 4.4633333
A592: rbs-siapp07 | B592: 3 | C592: 14692 | D592: =C592/15/60/8 -> 2.0405556 | E592: 4.01 | F592: 4.39 | G592: 5.11 | H592: =AVERAGE(E592:G592) -> 4.5033333
... A675: rbs-siapp01 | B675: 11.5 | C675: 177238 | D675: =C675/15/60/8 -> 24.616389 | E675: 27.93 | F675: 27.82 | G675: 28.33 | H675: =AVERAGE(E675:G675) -> 28.026667
A676: rbs-siapp07 | B676: 24 | C676: 65736 | D676: =C676/15/60/8 -> 9.13 | E676: 10.41 | F676: 9.99 | H676: =AVERAGE(E676:G676) -> 10.2
...

Sheet CG
A1: Site | B1: EPS/core | C1: CPU | D1: LogCPU | E1: EPS Bin
A2: TBS | B2: 7.5430556 | C2: 10.543333 | D2: =LN(C2) -> 2.3554937 | E2: =ROUND(B2,0) -> 8
A3: TBS | B3: 7.6068056 | C3: 11.416667 | D3: =LN(C3) -> 2.4350743 | E3: =ROUND(B3,0) -> 8
A4: TBS | B4: 7.6402778 | C4: 10.973333 | D4: =LN(C4) -> 2.3954681 | E4: =ROUND(B4,0) -> 8
A5: TBS | B5: 7.7154167 | C5: 11.003333 | D5: =LN(C5) -> 2.3981983 | E5: =ROUND(B5,0) -> 8
A6: TBS | B6: 7.7280556 | C6: 11.306667 | D6: =LN(C6) -> 2.4253925 | E6: =ROUND(B6,0) -> 8
A7: TBS | B7: 7.7480556 | C7: 11.023333 | D7: =LN(C7) -> 2.4000142 | E7: =ROUND(B7,0) -> 8
A8: TBS | B8: 7.7929167 | C8: 10.966667 | D8: =LN(C8) -> 2.3948604 | E8: =ROUND(B8,0) -> 8
A9: TBS | B9: 7.7975 | C9: 10.97 | D9: =LN(C9) -> 2.3951643 | E9: =ROUND(B9,0) -> 8
A10: TBS | B10: 7.7991667 | C10: 11.096667 | D10: =LN(C10) -> 2.4066448 | E10: =ROUND(B10,0) -> 8
A11: TBS | B11: 7.8294444 | C11: 10.993333 | D11: =LN(C11) -> 2.397289 | E11: =ROUND(B11,0) -> 8
A12: TBS | B12: 7.8343056 | C12: 10.973333 | D12: =LN(C12) -> 2.3954681 | E12: =ROUND(B12,0) -> 8
A13: TBS | B13: 7.8394444 | C13: 11.16 | D13: =LN(C13) -> 2.412336 | E13: =ROUND(B13,0) -> 8
... A20: TBS | B20: 7.9533333 | C20: 11.62 | D20: =LN(C20) -> 2.4527278 | E20: =ROUND(B20,0) -> 8
A21: TBS | B21: 7.9640278 | C21: 11.38 | D21: =LN(C21) -> 2.4318574 | E21: =ROUND(B21,0) -> 8 | H21: Values
A22: TBS | B22: 7.9666667 | C22: 11.116667 | D22: =LN(C22) -> 2.4084455 | E22: =ROUND(B22,0) -> 8 | G22: Row Labels | H22: Average of LogCPU | I22: StdDevp of LogCPU
A23: TBS | B23: 7.9940278 | C23: 10.803333 | D23: =LN(C23) -> 2.3798547 | E23: =ROUND(B23,0) -> 8 | G23: 8 | H23: 2.4044431 | I23: 0.027260783
A24: TBS | B24: 9.2365278 | C24: 13.016667 | D24: =LN(C24) -> 2.5662306 | E24: =ROUND(B24,0) -> 9 | G24: 9 | H24: 2.5869776 | I24: 0.023820624
A25: TBS | B25: 9.3525 | C25: 13.776667 | D25: =LN(C25) -> 2.6229763 | E25: =ROUND(B25,0) -> 9 | G25: 10 | H25: 2.5579213 | I25: 0.066118596
A26: TBS | B26: 9.3577778 | C26: 13.81 | D26: =LN(C26) -> 2.625393 | E26: =ROUND(B26,0) -> 9 | G26: 11 | H26: 2.5996408 | I26: 0.10727251
A27: TBS | B27: 9.3702778 | C27: 12.91 | D27: =LN(C27) -> 2.5580022 | E27: =ROUND(B27,0) -> 9 | G27: 12 | H27: 2.7009549 | I27: 0.063293178
A28: TBS | B28: 9.3902778 | C28: 13.283333 | D28: =LN(C28) -> 2.5865101 | E28: =ROUND(B28,0) -> 9 | G28: 13 | H28: 2.7280936 | I28: 0.088968167
A29: TBS | B29: 9.4159722 | C29: 13.37 | D29: =LN(C29) -> 2.5930134 | E29: =ROUND(B29,0) -> 9 | G29: 14 | H29: 2.8664699 | I29: 0.024839419
A30: TBS | B30: 9.4441667 | C30: 13.073333 | D30: =LN(C30) -> 2.5705745 | E30: =ROUND(B30,0) -> 9 | G30: 15 | H30: 2.8513514 | I30: 0.099402741
A31: TBS | B31: 9.4880556 | C31: 13.106667 | D31: =LN(C31) -> 2.573121 | E31: =ROUND(B31,0) -> 9 | G31: 16 | H31: 2.9600445 | I31: 0.027881286
A32: TBS | B32: 9.5033333 | C32: 13.333333 | D32: =LN(C32) -> 2.5902672 | E32: =ROUND(B32,0) -> 10 | G32: 17 | H32: 2.9803198 | I32: 0.069456972
A33: TBS | B33: 9.5038889 | C33: 13.15 | D33: =LN(C33) -> 2.5764218 | E33: =ROUND(B33,0) -> 10 | G33: 18 | H33: 3.0325105 | I33: 0.066420773
A34: TBS | B34: 9.5073611 | C34: 14.083333 | D34: =LN(C34) -> 2.6449921 | E34: =ROUND(B34,0) -> 10 | G34: 19 | H34: 3.1140752 | I34: 0.094820939
... A67: TBS | B67: 10.926528 | C67: 12.283333 | D67: =LN(C67) -> 2.5082433 | E67: =ROUND(B67,0) -> 11 | G67: 52 | H67: 3.8871691 | I67: 0.028150059
A68: TBS | B68: 11.0025 | C68: 14.243333 | D68: =LN(C68) -> 2.656289 | E68: =ROUND(B68,0) -> 11 | G68: Grand Total | H68: 3.4011596 | I68: 0.2774664
A69: TBS | B69: 11.037917 | C69: 14.19 | D69: =LN(C69) -> 2.6525375 | E69: =ROUND(B69,0) -> 11
A70: TBS | B70: 11.062222 | C70: 15.046667 | D70: =LN(C70) -> 2.7111565 | E70: =ROUND(B70,0) -> 11
A71: TBS | B71: 11.069861 | C71: 14.476667 | D71: =LN(C71) -> 2.6725382 | E71: =ROUND(B71,0) -> 11
A72: TBS | B72: 11.073333 | C72: 14.403333 | D72: =LN(C72) -> 2.6674597 | E72: =ROUND(B72,0) -> 11
A73: TBS | B73: 11.084444 | C73: 14.206667 | D73: =LN(C73) -> 2.6537113 | E73: =ROUND(B73,0) -> 11
A74: TBS | B74: 11.089722 | C74: 14.676667 | D74: =LN(C74) -> 2.6862589 | E74: =ROUND(B74,0) -> 11
A75: TBS | B75: 11.104028 | C75: 14.526667 | D75: =LN(C75) -> 2.675986 | E75: =ROUND(B75,0) -> 11
A76: TBS | B76: 11.113194 | C76: 14.566667 | D76: =LN(C76) -> 2.6787358 | E76: =ROUND(B76,0) -> 11
A77: TBS | B77: 11.1175 | C77: 14.693333 | D77: =LN(C77) -> 2.6873939 | E77: =ROUND(B77,0) -> 11
A78: TBS | B78: 11.124167 | C78: 14.683333 | D78: =LN(C78) -> 2.6867131 | E78: =ROUND(B78,0) -> 11
A79: TBS | B79: 11.187778 | C79: 14.476667 | D79: =LN(C79) -> 2.6725382 | E79: =ROUND(B79,0) -> 11
A80: TBS | B80: 11.225139 | C80: 14.72 | D80: =LN(C80) -> 2.6892071 | E80: =ROUND(B80,0) -> 11
... A2553: MKS | B2553: 35.460972 | C2553: 33.16 | D2553: =LN(C2553) -> 3.5013443 | E2553: =ROUND(B2553,0) -> 35
A2554: MKS | B2554: 35.46125 | C2554: 34.646667 | D2554: =LN(C2554) -> 3.5452015 | E2554: =ROUND(B2554,0) -> 35 | L2554: x^3 | M2554: X^2 | N2554: x | O2554: c
A2555: TBS | B2555: 35.475278 | C2555: 34.84 | D2555: =LN(C2555) -> 3.5507662 | E2555: =ROUND(B2555,0) -> 35 | G2555: Row Labels | H2555: StdDev of LogCPU | L2555: {=LINEST($D$2527:$D$3051,$B$2527:$B$3051^{1,2,3})} -> 2.8032392e-05 | M2555: -0.0038616084 | N2555: 0.19684283 | O2555: 0.15843248
A2556: MKS | B2556: 35.480694 | C2556: 33.186667 | D2556: =LN(C2556) -> 3.5021482 | E2556: =ROUND(B2556,0) -> 35 | G2556: 36 | H2556: 0.030340941
A2557: TBS | B2557: 35.530139 | C2557: 36.2 | D2557: =LN(C2557) -> 3.5890591 | E2557: =ROUND(B2557,0) -> 36 | G2557: 37 | H2557: 0.021525108
A2558: MKS | B2558: 35.532778 | C2558: 34.363333 | D2558: =LN(C2558) -> 3.5369901 | E2558: =ROUND(B2558,0) -> 36 | G2558: 38 | H2558: 0.028812717
A2559: MKS | B2559: 35.546528 | C2559: 32.01 | D2559: =LN(C2559) -> 3.4660484 | E2559: =ROUND(B2559,0) -> 36 | G2559: 39 | H2559: 0.026217487
A2560: TBS | B2560: 35.565972 | C2560: 35.406667 | D2560: =LN(C2560) -> 3.5669001 | E2560: =ROUND(B2560,0) -> 36 | G2560: 40 | H2560: 0.024417246
A2561: MKS | B2561: 35.585 | C2561: 32.97 | D2561: =LN(C2561) -> 3.4955981 | E2561: =ROUND(B2561,0) -> 36 | G2561: 41 | H2561: 0.027689508
A2562: MKS | B2562: 35.585417 | C2562: 32.473333 | D2562: =LN(C2562) -> 3.4804192 | E2562: =ROUND(B2562,0) -> 36 | G2562: 42 | H2562: 0.024737083
A2563: TBS | B2563: 35.603611 | C2563: 35.273333 | D2563: =LN(C2563) -> 3.5631272 | E2563: =ROUND(B2563,0) -> 36 | G2563: 43 | H2563: 0.016738494
A2564: TBS | B2564: 35.619444 | C2564: 34.273333 | D2564: =LN(C2564) -> 3.5343676 | E2564: =ROUND(B2564,0) -> 36 | G2564: 44 | H2564: 0.026451926
A2565: TBS | B2565: 35.656806 | C2565: 34.37 | D2565: =LN(C2565) -> 3.5371841 | E2565: =ROUND(B2565,0) -> 36 | G2565: 45 | H2565: 0.027061397
A2566: MKS | B2566: 35.666111 | C2566: 33.423333 | D2566: =LN(C2566) -> 3.5092543 | E2566: =ROUND(B2566,0) -> 36 | G2566: 46 | H2566: 0.030353225
A2567: MKS | B2567: 35.674444 | C2567: 33.52 | D2567: =LN(C2567) -> 3.5121423 | E2567: =ROUND(B2567,0) -> 36 | G2567: 47 | H2567: 0.018536847
... A2570: TBS | B2570: 35.729722 | C2570: 34.323333 | D2570: =LN(C2570) -> 3.5358254 | E2570: =ROUND(B2570,0) -> 36 | G2570: 50 | H2570: 0.027640097
A2571: MKS | B2571: 35.763056 | C2571: 33.65 | D2571: =LN(C2571) -> 3.5160131 | E2571: =ROUND(B2571,0) -> 36 | G2571: 51 | H2571: 0.026927512 | I2571: std
A2572: TBS | B2572: 35.765833 | C2572: 36.9 | D2572: =LN(C2572) -> 3.6082116 | E2572: =ROUND(B2572,0) -> 36 | G2572: 52 | H2572: 0.029857647 | I2572: =AVERAGE(H2556:H2572) -> 0.02602383
A2573: TBS | B2573: 35.800278 | C2573: 34.32 | D2573: =LN(C2573) -> 3.5357283 | E2573: =ROUND(B2573,0) -> 36 | G2573: Grand Total | H2573: 0.11614454
A2574: TBS | B2574: 35.801111 | C2574: 34.966667 | D2574: =LN(C2574) -> 3.5543952 | E2574: =ROUND(B2574,0) -> 36
A2575: TBS | B2575: 35.821528 | C2575: 34.82 | D2575: =LN(C2575) -> 3.5501919 | E2575: =ROUND(B2575,0) -> 36
A2576: TBS | B2576: 35.825556 | C2576: 35.296667 | D2576: =LN(C2576) -> 3.5637885 | E2576: =ROUND(B2576,0) -> 36
A2577: MKS | B2577: 35.837083 | C2577: 34.23 | D2577: =LN(C2577) -> 3.5331025 | E2577: =ROUND(B2577,0) -> 36
A2578: TBS | B2578: 35.860417 | C2578: 34.546667 | D2578: =LN(C2578) -> 3.5423111 | E2578: =ROUND(B2578,0) -> 36
A2579: TBS | B2579: 35.862639 | C2579: 35.29 | D2579: =LN(C2579) -> 3.5635996 | E2579: =ROUND(B2579,0) -> 36 | H2579: Current Peak Hour Eps | I2579: Increase | J2579: Expected EPS/Core | K2579: Predicted Avg-LogCPU | L2579: CPU | M2579: STD | N2579: 45 | O2579: 50 | P2579: 55 | Q2579: 60 | R2579: 65 | S2579: 70 | T2579: 75 | U2579: 80 | V2579: 85 | W2579: 90 | X2579: 95 | Y2579: 100
A2580: TBS | B2580: 35.863333 | C2580: 34.246667 | D2580: =LN(C2580) -> 3.5335892 | E2580: =ROUND(B2580,0) -> 36 | H2580: 48 | I2580: =J2580/H2580 -> 1.1458333 | J2580: 55 | K2580: =$L$2555*J2580^3+$M$2555*J2580^2+$N$2555*J2580+$O$2555 -> 3.9673119 | L2580: =EXP(K2580) -> 52.842293 | M2580: =$I$2572 -> 0.02602383 | N2580: =NORMDIST(LN(N$2579),$K2580,$M2580,TRUE) -> 3.3468257e-10 | O2580: =NORMDIST(LN(O$2579),$K2580,$M2580,TRUE) -> 0.016812185 | P2580: =NORMDIST(LN(P$2579),$K2580,$M2580,TRUE) -> 0.93796 | Q2580: =NORMDIST(LN(Q$2579),$K2580,$M2580,TRUE) -> 0.99999947 | R2580: =NORMDIST(LN(R$2579),$K2580,$M2580,TRUE) -> 1 | S2580: =NORMDIST(LN(S$2579),$K2580,$M2580,TRUE) -> 1 | T2580: =NORMDIST(LN(T$2579),$K2580,$M2580,TRUE) -> 1 | U2580: =NORMDIST(LN(U$2579),$K2580,$M2580,TRUE) -> 1 | ... Y2580: =NORMDIST(LN(Y$2579),$K2580,$M2580,TRUE) -> 1
A2581: TBS | B2581: 35.892639 | C2581: 35.93 | D2581: =LN(C2581) -> 3.5815726 | E2581: =ROUND(B2581,0) -> 36 | H2581: 48 | I2581: =J2581/H2581 -> 1.1666667 | J2581: =J2580+1 -> 56 | K2581: =$L$2555*J2581^3+$M$2555*J2581^2+$N$2555*J2581+$O$2555 -> 3.9945635 | L2581: =EXP(K2581) -> 54.302133 | M2581: =$I$2572 -> 0.02602383 | N2581: =NORMDIST(LN(N$2579),$K2581,$M2581,TRUE) -> 2.5928048e-13 | O2581: =NORMDIST(LN(O$2579),$K2581,$M2581,TRUE) -> 0.00075767541 | P2581: =NORMDIST(LN(P$2579),$K2581,$M2581,TRUE) -> 0.68817777 | Q2581: =NORMDIST(LN(Q$2579),$K2581,$M2581,TRUE) -> 0.99993702 | R2581: =NORMDIST(LN(R$2579),$K2581,$M2581,TRUE) -> 1 | S2581: =NORMDIST(LN(S$2579),$K2581,$M2581,TRUE) -> 1 | T2581: =NORMDIST(LN(T$2579),$K2581,$M2581,TRUE) -> 1 | U2581: =NORMDIST(LN(U$2579),$K2581,$M2581,TRUE) -> 1 | ... Y2581: =NORMDIST(LN(Y$2579),$K2581,$M2581,TRUE) -> 1
A2582: TBS | B2582: 35.898472 | C2582: 34.59 | D2582: =LN(C2582) -> 3.5435646 | E2582: =ROUND(B2582,0) -> 36 | H2582: 48 | I2582: =J2582/H2582 -> 1.1875 | J2582: =J2581+1 -> 57 | K2582: =$L$2555*J2582^3+$M$2555*J2582^2+$N$2555*J2582+$O$2555 -> 4.0235108 | L2582: =EXP(K2582) -> 55.897005 | M2582: =$I$2572 -> 0.02602383 | N2582: =NORMDIST(LN(N$2579),$K2582,$M2582,TRUE) -> 3.9515465e-17 | O2582: =NORMDIST(LN(O$2579),$K2582,$M2582,TRUE) -> 9.1754346e-06 | P2582: =NORMDIST(LN(P$2579),$K2582,$M2582,TRUE) -> 0.26708722 | Q2582: =NORMDIST(LN(Q$2579),$K2582,$M2582,TRUE) -> 0.99675442 | R2582: =NORMDIST(LN(R$2579),$K2582,$M2582,TRUE) -> 1 | S2582: =NORMDIST(LN(S$2579),$K2582,$M2582,TRUE) -> 1 | T2582: =NORMDIST(LN(T$2579),$K2582,$M2582,TRUE) -> 1 | U2582: =NORMDIST(LN(U$2579),$K2582,$M2582,TRUE) -> 1 | ... Y2582: =NORMDIST(LN(Y$2579),$K2582,$M2582,TRUE) -> 1
A2583: TBS | B2583: 35.905556 | C2583: 37.016667 | D2583: =LN(C2583) -> 3.6113683 | E2583: =ROUND(B2583,0) -> 36 | H2583: 48 | I2583: =J2583/H2583 -> 1.2083333 | J2583: =J2582+1 -> 58 | K2583: =$L$2555*J2583^3+$M$2555*J2583^2+$N$2555*J2583+$O$2555 -> 4.054322 | L2583: =EXP(K2583) -> 57.646064 | M2583: =$I$2572 -> 0.02602383 | N2583: =NORMDIST(LN(N$2579),$K2583,$M2583,TRUE) -> 8.9432835e-22 | O2583: =NORMDIST(LN(O$2579),$K2583,$M2583,TRUE) -> 2.2753869e-08 | P2583: =NORMDIST(LN(P$2579),$K2583,$M2583,TRUE) -> 0.03548997 | Q2583: =NORMDIST(LN(Q$2579),$K2583,$M2583,TRUE) -> 0.93796605 | R2583: =NORMDIST(LN(R$2579),$K2583,$M2583,TRUE) -> 0.99999802 | S2583: =NORMDIST(LN(S$2579),$K2583,$M2583,TRUE) -> 1 | T2583: =NORMDIST(LN(T$2579),$K2583,$M2583,TRUE) -> 1 | U2583: =NORMDIST(LN(U$2579),$K2583,$M2583,TRUE) -> 1 | ... Y2583: =NORMDIST(LN(Y$2579),$K2583,$M2583,TRUE) -> 1
A2584: TBS | B2584: 36.004306 | C2584: 33.833333 | D2584: =LN(C2584) -> 3.5214465 | E2584: =ROUND(B2584,0) -> 36 | H2584: 48 | I2584: =J2584/H2584 -> 1.2291667 | J2584: =J2583+1 -> 59 | K2584: =$L$2555*J2584^3+$M$2555*J2584^2+$N$2555*J2584+$O$2555 -> 4.0871652 | L2584: =EXP(K2584) -> 59.57078 | M2584: =$I$2572 -> 0.02602383 | N2584: =NORMDIST(LN(N$2579),$K2584,$M2584,TRUE) -> 2.1702136e-27 | O2584: =NORMDIST(LN(O$2579),$K2584,$M2584,TRUE) -> 8.4791335e-12 | P2584: =NORMDIST(LN(P$2579),$K2584,$M2584,TRUE) -> 0.0010787471 | Q2584: =NORMDIST(LN(Q$2579),$K2584,$M2584,TRUE) -> 0.60867884 | R2584: =NORMDIST(LN(R$2579),$K2584,$M2584,TRUE) -> 0.9995983 | S2584: =NORMDIST(LN(S$2579),$K2584,$M2584,TRUE) -> 1 | T2584: =NORMDIST(LN(T$2579),$K2584,$M2584,TRUE) -> 1 | U2584: =NORMDIST(LN(U$2579),$K2584,$M2584,TRUE) -> 1 | ... Y2584: =NORMDIST(LN(Y$2579),$K2584,$M2584,TRUE) -> 1
A2585: TBS | B2585: 36.004444 | C2585: 34.413333 | D2585: =LN(C2585) -> 3.5384441 | E2585: =ROUND(B2585,0) -> 36 | H2585: 48 | I2585: =J2585/H2585 -> 1.25 | J2585: =J2584+1 -> 60 | K2585: =$L$2555*J2585^3+$M$2555*J2585^2+$N$2555*J2585+$O$2555 -> 4.1222086 | L2585: =EXP(K2585) -> 61.695355 | M2585: =$I$2572 -> 0.02602383 | N2585: =NORMDIST(LN(N$2579),$K2585,$M2585,TRUE) -> 3.8798641e-34 | O2585: =NORMDIST(LN(O$2579),$K2585,$M2585,TRUE) -> 3.3282308e-16 | P2585: =NORMDIST(LN(P$2579),$K2585,$M2585,TRUE) -> 5.0682496e-06 | Q2585: =NORMDIST(LN(Q$2579),$K2585,$M2585,TRUE) -> 0.142149 | R2585: =NORMDIST(LN(R$2579),$K2585,$M2585,TRUE) -> 0.97752021 | S2585: =NORMDIST(LN(S$2579),$K2585,$M2585,TRUE) -> 0.99999939 | T2585: =NORMDIST(LN(T$2579),$K2585,$M2585,TRUE) -> 1 | U2585: =NORMDIST(LN(U$2579),$K2585,$M2585,TRUE) -> 1 | ... Y2585: =NORMDIST(LN(Y$2579),$K2585,$M2585,TRUE) -> 1
A2586: MKS | B2586: 36.0125 | C2586: 34.863333 | D2586: =LN(C2586) -> 3.5514357 | E2586: =ROUND(B2586,0) -> 36 | H2586: 48 | I2586: =J2586/H2586 -> 1.2708333 | J2586: =J2585+1 -> 61 | K2586: =$L$2555*J2586^3+$M$2555*J2586^2+$N$2555*J2586+$O$2555 -> 4.1596206 | L2586: =EXP(K2586) -> 64.047215 | M2586: =$I$2572 -> 0.02602383 | N2586: =NORMDIST(LN(N$2579),$K2586,$M2586,TRUE) -> 3.3237385e-42 | O2586: =NORMDIST(LN(O$2579),$K2586,$M2586,TRUE) -> 9.1503345e-22 | P2586: =NORMDIST(LN(P$2579),$K2586,$M2586,TRUE) -> 2.4307779e-09 | Q2586: =NORMDIST(LN(Q$2579),$K2586,$M2586,TRUE) -> 0.0060654056 | R2586: =NORMDIST(LN(R$2579),$K2586,$M2586,TRUE) -> 0.71478915 | S2586: =NORMDIST(LN(S$2579),$K2586,$M2586,TRUE) -> 0.99968124 | T2586: =NORMDIST(LN(T$2579),$K2586,$M2586,TRUE) -> 1 | U2586: =NORMDIST(LN(U$2579),$K2586,$M2586,TRUE) -> 1 | ... Y2586: =NORMDIST(LN(Y$2579),$K2586,$M2586,TRUE) -> 1
A2587: TBS | B2587: 36.045417 | C2587: 34.526667 | D2587: =LN(C2587) -> 3.541732 | E2587: =ROUND(B2587,0) -> 36 | H2587: 48 | I2587: =J2587/H2587 -> 1.2916667 | J2587: =J2586+1 -> 62 | K2587: =$L$2555*J2587^3+$M$2555*J2587^2+$N$2555*J2587+$O$2555 -> 4.1995691 | L2587: =EXP(K2587) -> 66.657602 | M2587: =$I$2572 -> 0.02602383 | N2587: =NORMDIST(LN(N$2579),$K2587,$M2587,TRUE) -> 8.3517307e-52 | O2587: =NORMDIST(LN(O$2579),$K2587,$M2587,TRUE) -> 1.1041871e-28 | P2587: =NORMDIST(LN(P$2579),$K2587,$M2587,TRUE) -> 7.5135261e-14 | Q2587: =NORMDIST(LN(Q$2579),$K2587,$M2587,TRUE) -> 2.6341749e-05 | R2587: =NORMDIST(LN(R$2579),$K2587,$M2587,TRUE) -> 0.16661082 | S2587: =NORMDIST(LN(S$2579),$K2587,$M2587,TRUE) -> 0.96994947 | T2587: =NORMDIST(LN(T$2579),$K2587,$M2587,TRUE) -> 0.99999707 | U2587: =NORMDIST(LN(U$2579),$K2587,$M2587,TRUE) -> 1 | ... Y2587: =NORMDIST(LN(Y$2579),$K2587,$M2587,TRUE) -> 1
A2588: TBS | B2588: 36.080417 | C2588: 34.963333 | D2588: =LN(C2588) -> 3.5542999 | E2588: =ROUND(B2588,0) -> 36 | H2588: 48 | I2588: =J2588/H2588 -> 1.3125 | J2588: =J2587+1 -> 63 | K2588: =$L$2555*J2588^3+$M$2555*J2588^2+$N$2555*J2588+$O$2555 -> 4.2422225 | L2588: =EXP(K2588) -> 69.562281 | M2588: =$I$2572 -> 0.02602383 | N2588: =NORMDIST(LN(N$2579),$K2588,$M2588,TRUE) -> 3.5244673e-63 | O2588: =NORMDIST(LN(O$2579),$K2588,$M2588,TRUE) -> 3.4307884e-37 | P2588: =NORMDIST(LN(P$2579),$K2588,$M2588,TRUE) -> 8.9086882e-20 | Q2588: =NORMDIST(LN(Q$2579),$K2588,$M2588,TRUE) -> 6.6407187e-09 | R2588: =NORMDIST(LN(R$2579),$K2588,$M2588,TRUE) -> 0.0045715379 | S2588: =NORMDIST(LN(S$2579),$K2588,$M2588,TRUE) -> 0.59523757 | T2588: =NORMDIST(LN(T$2579),$K2588,$M2588,TRUE) -> 0.99808711 | U2588: =NORMDIST(LN(U$2579),$K2588,$M2588,TRUE) -> 0.99999996 | ... Y2588: =NORMDIST(LN(Y$2579),$K2588,$M2588,TRUE) -> 1
A2589: TBS | B2589: 36.096528 | C2589: 35.6 | D2589: =LN(C2589) -> 3.5723456 | E2589: =ROUND(B2589,0) -> 36 | H2589: 48 | I2589: =J2589/H2589 -> 1.3333333 | J2589: =J2588+1 -> 64 | K2589: =$L$2555*J2589^3+$M$2555*J2589^2+$N$2555*J2589+$O$2555 -> 4.2877489 | L2589: =EXP(K2589) -> 72.802398 | M2589: =$I$2572 -> 0.02602383 | N2589: =NORMDIST(LN(N$2579),$K2589,$M2589,TRUE) -> 1.3290665e-76 | O2589: =NORMDIST(LN(O$2579),$K2589,$M2589,TRUE) -> 1.4970207e-47 | P2589: =NORMDIST(LN(P$2579),$K2589,$M2589,TRUE) -> 2.2504989e-27 | Q2589: =NORMDIST(LN(Q$2579),$K2589,$M2589,TRUE) -> 5.3558201e-14 | R2589: =NORMDIST(LN(R$2579),$K2589,$M2589,TRUE) -> 6.6209279e-06 | S2589: =NORMDIST(LN(S$2579),$K2589,$M2589,TRUE) -> 0.065729512 | T2589: =NORMDIST(LN(T$2579),$K2589,$M2589,TRUE) -> 0.87343271 | U2589: =NORMDIST(LN(U$2579),$K2589,$M2589,TRUE) -> 0.99985425 | ... Y2589: =NORMDIST(LN(Y$2579),$K2589,$M2589,TRUE) -> 1
A2590: TBS | B2590: 36.099306 | C2590: 34.86 | D2590: =LN(C2590) -> 3.55134 | E2590: =ROUND(B2590,0) -> 36 | H2590: 48 | I2590: =J2590/H2590 -> 1.3541667 | J2590: =J2589+1 -> 65 | K2590: =$L$2555*J2590^3+$M$2555*J2590^2+$N$2555*J2590+$O$2555 -> 4.3363165 | L2590: =EXP(K2590) -> 76.425509 | M2590: =$I$2572 -> 0.02602383 | N2590: =NORMDIST(LN(N$2579),$K2590,$M2590,TRUE) -> 2.1989993e-92 | O2590: =NORMDIST(LN(O$2579),$K2590,$M2590,TRUE) -> 4.6191034e-60 | P2590: =NORMDIST(LN(P$2579),$K2590,$M2590,TRUE) -> 6.2232539e-37 | Q2590: =NORMDIST(LN(Q$2579),$K2590,$M2590,TRUE) -> 7.1494465e-21 | R2590: =NORMDIST(LN(R$2579),$K2590,$M2590,TRUE) -> 2.4488918e-10 | S2590: =NORMDIST(LN(S$2579),$K2590,$M2590,TRUE) -> 0.00036955013 | T2590: =NORMDIST(LN(T$2579),$K2590,$M2590,TRUE) -> 0.2346844 | U2590: =NORMDIST(LN(U$2579),$K2590,$M2590,TRUE) -> 0.96049602 | ... Y2590: =NORMDIST(LN(Y$2579),$K2590,$M2590,TRUE) -> 1
A2591: TBS | B2591: 36.115556 | C2591: 35.933333 | D2591: =LN(C2591) -> 3.5816654 | E2591: =ROUND(B2591,0) -> 36 | H2591: 48 | I2591: =J2591/H2591 -> 1.375 | J2591: =J2590+1 -> 66 | K2591: =$L$2555*J2591^3+$M$2555*J2591^2+$N$2555*J2591+$O$2555 -> 4.3880936 | L2591: =EXP(K2591) -> 80.48683 | M2591: =$I$2572 -> 0.02602383 | N2591: =NORMDIST(LN(N$2579),$K2591,$M2591,TRUE) -> 7.1802357e-111 | O2591: =NORMDIST(LN(O$2579),$K2591,$M2591,TRUE) -> 4.6497141e-75 | P2591: =NORMDIST(LN(P$2579),$K2591,$M2591,TRUE) -> 8.8787243e-49 | Q2591: =NORMDIST(LN(Q$2579),$K2591,$M2591,TRUE) -> 7.5473369e-30 | R2591: =NORMDIST(LN(R$2579),$K2591,$M2591,TRUE) -> 1.0881574e-16 | S2591: =NORMDIST(LN(S$2579),$K2591,$M2591,TRUE) -> 4.0643172e-08 | T2591: =NORMDIST(LN(T$2579),$K2591,$M2591,TRUE) -> 0.0033327717 | U2591: =NORMDIST(LN(U$2579),$K2591,$M2591,TRUE) -> 0.40783025 | ... Y2591: =NORMDIST(LN(Y$2579),$K2591,$M2591,TRUE) -> 1
A2592: TBS | B2592: 36.130833 | C2592: 34.513333 | D2592: =LN(C2592) -> 3.5413457 | E2592: =ROUND(B2592,0) -> 36 | H2592: 48 | I2592: =J2592/H2592 -> 1.3958333 | J2592: =J2591+1 -> 67 | K2592: =$L$2555*J2592^3+$M$2555*J2592^2+$N$2555*J2592+$O$2555 -> 4.4432482 | L2592: =EXP(K2592) -> 85.050758 | M2592: =$I$2572 -> 0.02602383 | N2592: =NORMDIST(LN(N$2579),$K2592,$M2592,TRUE) -> 1.891651e-132 | O2592: =NORMDIST(LN(O$2579),$K2592,$M2592,TRUE) -> 6.4046608e-93 | P2592: =NORMDIST(LN(P$2579),$K2592,$M2592,TRUE) -> 2.8024159e-63 | Q2592: =NORMDIST(LN(Q$2579),$K2592,$M2592,TRUE) -> 2.7478985e-41 | R2592: =NORMDIST(LN(R$2579),$K2592,$M2592,TRUE) -> 2.5423481e-25 | S2592: =NORMDIST(LN(S$2579),$K2592,$M2592,TRUE) -> 3.6145841e-14 | T2592: =NORMDIST(LN(T$2579),$K2592,$M2592,TRUE) -> 6.7415192e-07 | U2592: =NORMDIST(LN(U$2579),$K2592,$M2592,TRUE) -> 0.009323334 | ... Y2592: =NORMDIST(LN(Y$2579),$K2592,$M2592,TRUE) -> 1
... A2600: TBS | B2600: 36.643194 | C2600: 35.46 | D2600: =LN(C2600) -> 3.5684053 | E2600: =ROUND(B2600,0) -> 37 | H2600: 48 | I2600: =J2600/H2600 -> 1.5625 | J2600: =J2599+1 -> 75 | K2600: =$L$2555*J2600^3+$M$2555*J2600^2+$N$2555*J2600+$O$2555 -> 5.0262628 | L2600: =EXP(K2600) -> 152.36254 | M2600: =$I$2572 -> 0.02602383 | N2600: =NORMDIST(LN(N$2579),$K2600,$M2600,TRUE) -> 0 | O2600: =NORMDIST(LN(O$2579),$K2600,$M2600,TRUE) -> 0 | P2600: =NORMDIST(LN(P$2579),$K2600,$M2600,TRUE) -> 0 | Q2600: =NORMDIST(LN(Q$2579),$K2600,$M2600,TRUE) -> 3.8333129e-281 | R2600: =NORMDIST(LN(R$2579),$K2600,$M2600,TRUE) -> 2.5279741e-235 | S2600: =NORMDIST(LN(S$2579),$K2600,$M2600,TRUE) -> 1.4630033e-196 | T2600: =NORMDIST(LN(T$2579),$K2600,$M2600,TRUE) -> 1.2306864e-163 | U2600: =NORMDIST(LN(U$2579),$K2600,$M2600,TRUE) -> 1.3484041e-135 | ... Y2600: =NORMDIST(LN(Y$2579),$K2600,$M2600,TRUE) -> 3.4313624e-59
A2601: TBS | B2601: 37.216806 | C2601: 37.853333 | D2601: =LN(C2601) -> 3.633719 | E2601: =ROUND(B2601,0) -> 37
A2602: TBS | B2602: 37.224722 | C2602: 36.463333 | D2602: =LN(C2602) -> 3.5963072 | E2602: =ROUND(B2602,0) -> 37
A2603: TBS | B2603: 37.225972 | C2603: 35.226667 | D2603: =LN(C2603) -> 3.5618034 | E2603: =ROUND(B2603,0) -> 37
A2604: TBS | B2604: 37.253056 | C2604: 35.423333 | D2604: =LN(C2604) -> 3.5673707 | E2604: =ROUND(B2604,0) -> 37
A2605: TBS | B2605: 37.254444 | C2605: 35.42 | D2605: =LN(C2605) -> 3.5672766 | E2605: =ROUND(B2605,0) -> 37
A2606: TBS | B2606: 37.254583 | C2606: 35.62 | D2606: =LN(C2606) -> 3.5729073 | E2606: =ROUND(B2606,0) -> 37
A2607: TBS | B2607: 37.300278 | C2607: 35.11 | D2607: =LN(C2607) -> 3.558486 | E2607: =ROUND(B2607,0) -> 37 | H2607: Daily MKS Events
A2608: TBS | B2608: 37.307639 | C2608: 35.643333 | D2608: =LN(C2608) -> 3.5735621 | E2608: =ROUND(B2608,0) -> 37
A2609: TBS | B2609: 37.312639 | C2609: 34.946667 | D2609: =LN(C2609) -> 3.5538231 | E2609: =ROUND(B2609,0) -> 37
A2610: TBS | B2610: 37.323889 | C2610: 35.783333 | D2610: =LN(C2610) -> 3.5774822 | E2610: =ROUND(B2610,0) -> 37
A2611: MKS | B2611: 37.341667 | C2611: 35.536667 | D2611: =LN(C2611) -> 3.570565 | E2611: =ROUND(B2611,0) -> 37
A2612: TBS | B2612: 37.353194 | C2612: 35.826667 | D2612: =LN(C2612) -> 3.5786925 | E2612: =ROUND(B2612,0) -> 37
A2613: TBS | B2613: 37.362083 | C2613: 35.853333 | D2613: =LN(C2613) -> 3.5794365 | E2613: =ROUND(B2613,0) -> 37
A2614: MKS | B2614: 37.381528 | C2614: 37.146667 | D2614: =LN(C2614) -> 3.614874 | E2614: =ROUND(B2614,0) -> 37
A2615: TBS | B2615: 37.381667 | C2615: 37.04 | D2615: =LN(C2615) -> 3.6119984 | E2615: =ROUND(B2615,0) -> 37
A2616: TBS | B2616: 37.393194 | C2616: 35.866667 | D2616: =LN(C2616) -> 3.5798084 | E2616: =ROUND(B2616,0) -> 37
A2617: MKS | B2617: 37.401389 | C2617: 35.806667 | D2617: =LN(C2617) -> 3.5781341 | E2617: =ROUND(B2617,0) -> 37
A2618: TBS | B2618: 37.404306 | C2618: 36.686667 | D2618: =LN(C2618) -> 3.6024134 | E2618: =ROUND(B2618,0) -> 37
A2619: TBS | B2619: 37.416944 | C2619: 36.526667 | D2619: =LN(C2619) -> 3.5980426 | E2619: =ROUND(B2619,0) -> 37
...
