Workbook

Sheet QResults
A1: Events Success Ratio (from contract, used to calculate cost of failure)
A2: From | D2: To | E2: Revenue Share | F2: Fine(M)
A3: 0 | D3: 0.997 | E3: -0.04 | F3: 1
A4: 0.997 | D4: 0.999 | E4: -0.02 | F4: 0
A5: 0.999 | D5: 0.9999 | E5: 0 | F5: 0 | H5: Event Distribution Among Server types
A6: 0.9999 | D6: 1 | E6: 0.004 | F6: 0 | H6: Server Type A | I6: =B11/(B11+B12) -> 0.53094603
H7: Server Type B | I7: =B12/(B11+B12) -> 0.46905397
B10: Current | C10: Q1 | D10: Q2 | E10: Q3 | F10: Q4 | G10: Annual | H10: Delta | I10: Cost(M)
A11: Daily Events Per Server type A(old,sunfire, in M) | B11: =ServerTypeA!$B$28 -> 48.744819 | C11: =$I$6*C20/(C17*$I$6+C18*$I$7) -> 51.18206 | D11: =$I$6*D20/(D17*$I$6+D18*$I$7) -> 50.716365 | E11: =$I$6*E20/(E17*$I$6+E18*$I$7) -> 50.414619 | F11: =$I$6*F20/(F17*$I$6+F18*$I$7) -> 49.300082
A12: Daily Events Per Server type B(new,M9000, in M) | B12: =ServerTypeB!$B$28 -> 43.062665 | C12: =$I$7*C20/(C$17*$I$6+C$18*$I$7) -> 45.215798 | D12: =$I$7*D20/(D17*$I$6+D18*$I$7) -> 44.804389 | E12: =$I$7*E20/(E17*$I$6+E18*$I$7) -> 44.537817 | F12: =$I$7*F20/(F17*$I$6+F18*$I$7) -> 43.553201
A13: Peak Hour Events (19:00) Server A (m) | B13: =ServerTypeA!$B$210 -> 4.3994501 | C13: =ServerTypeA!$C$242 -> 4.6194226 | D13: =ServerTypeA!$C$274 -> 4.5773915 | E13: =ServerTypeA!$C$306 -> 4.5501574 | F13: =ServerTypeA!$C$338 -> 4.4495652
A14: Peak Hour Eevents(19:00) Server B (m) | B14: =ServerTypeB!B22 -> 4.0252025 | C14: =ServerTypeB!$C$242 -> 4.2264627 | D14: =ServerTypeB!$C$274 -> 4.188007 | E14: =ServerTypeB!$C$306 -> 4.1630896 | F14: =ServerTypeB!$C$338 -> 4.0710545
A15: Average Peak Hour CPU Server A | B15: =EXP(((B13*ServerTypeA!$C$31+ServerTypeA!$D$31)*B13+ServerTypeA!$E$31)*B13+ServerTypeA!$F$31)/100 -> 0.5720944 | C15: =EXP(((B13*ServerTypeA!$C$31+ServerTypeA!$D$31)*B13+ServerTypeA!$E$31)*B13+ServerTypeA!$F$31)/100 -> 0.5720944 | D15: =EXP(((C13*ServerTypeA!$C$31+ServerTypeA!$D$31)*C13+ServerTypeA!$E$31)*C13+ServerTypeA!$F$31)/100 -> 0.61185133 | E15: =EXP(((D13*ServerTypeA!$C$31+ServerTypeA!$D$31)*D13+ServerTypeA!$E$31)*D13+ServerTypeA!$F$31)/100 -> 0.60368942 | F15: =EXP(((E13*ServerTypeA!$C$31+ServerTypeA!$D$31)*E13+ServerTypeA!$E$31)*E13+ServerTypeA!$F$31)/100 -> 0.59855232
A16: Average Peak Hour CPU Server B | B16: =EXP(((B14*ServerTypeB!$C$31+ServerTypeB!$D$31)*B14+ServerTypeB!$E$31)*B14+ServerTypeB!$F$31)/100 -> 0.23240156 | C16: =EXP(((C14*ServerTypeB!$C$31+ServerTypeB!$D$31)*C14+ServerTypeB!$E$31)*C14+ServerTypeB!$F$31)/100 -> 0.2527423 | D16: =EXP(((D14*ServerTypeB!$C$31+ServerTypeB!$D$31)*D14+ServerTypeB!$E$31)*D14+ServerTypeB!$F$31)/100 -> 0.24848865 | E16: =EXP(((E14*ServerTypeB!$C$31+ServerTypeB!$D$31)*E14+ServerTypeB!$E$31)*E14+ServerTypeB!$F$31)/100 -> 0.24583152 | F16: =EXP(((F14*ServerTypeB!$C$31+ServerTypeB!$D$31)*F14+ServerTypeB!$E$31)*F14+ServerTypeB!$F$31)/100 -> 0.23664173
A17: Number of Servers type A(old, sunfire) | B17: 15 | C17: 15 | D17: 16 | E17: 17 | F17: 18 | H17: =F17-B17 -> 3 | I17: 0.2
A18: Number of Servers type B(new, m9000) | B18: 2 | C18: 2 | D18: 2 | E18: 2 | F18: 2 | H18: =F18-B18 -> 0 | I18: 0.1
A19: Total Servers | B19: =B17+B18 -> 17 | C19: =C17+C18 -> 17 | D19: =D17+D18 -> 18 | E19: =E17+E18 -> 19 | F19: =F17+F18 -> 20 | H19: =F19-B19 -> 3
A20: Expected Total Daily Events(M) | B20: =B11*B17+B12*B18 -> 817.29762 | C20: =C21*4/365 -> 858.1625 | D20: =D21*4/365 -> 901.07062 | E20: =E21*4/365 -> 946.12415 | F20: =F21*4/365 -> 974.50788
A21: Expected Quatarly Events(M) | B21: =365*B20/4 -> 74578.407 | C21: =B21*B22 -> 78307.328 | D21: =C21*C22 -> 82222.694 | E21: =D21*D22 -> 86333.829 | F21: =E21*E22 -> 88923.844 | G21: =SUM(C21:F21) -> 335787.69
A22: Eepected Quartely Growth in Number of Events | B22: 1.05 | C22: 1.05 | D22: 1.05 | E22: 1.03 | F22: n/a | G22: =B22*C22*D22*E22 -> 1.1923538
A23: Adjusted Quarterly Amdocs Total(M) | B23: 5 | C23: =B23*B24 -> 5.15 | D23: =C23*C24 -> 5.3045 | E23: =D23*D24 -> 5.463635 | F23: =E23*E24 -> 5.6275441
A24: Expected Quartely Growth in Amdocs Revenues | B24: 1.03 | C24: 1.03 | D24: 1.03 | E24: 1.03 | F24: n/a | G24: =PRODUCT(B24:E24) -> 1.1255088
A25: Expected Server Type A availability | B25: =ServerTypeA!$B$217 -> 0.99943213 | C25: =ServerTypeA!$B$249 -> 0.99892456 | D25: =ServerTypeA!$B$281 -> 0.99892595 | E25: =ServerTypeA!$B$313 -> 0.99905261 | F25: =ServerTypeA!$B$345 -> 0.9994241
A26: Expected Server Type B availability | B26: =ServerTypeB!$B$217 -> 1 | C26: =ServerTypeB!$B$249 -> 1 | D26: =ServerTypeB!$B$281 -> 1 | E26: =ServerTypeB!$B$313 -> 1 | F26: =ServerTypeB!$B$345 -> 1
A27: Expected Total Avialability | B27: =(B25*B11*B17+B26*B12*B18)/(B11*B17+B12*B18) -> 0.99949197 | C27: =(C25*C11*C17+C26*C12*C18)/(C11*C17+C12*C18) -> 0.99903789 | D27: =(D25*D11*D17+D26*D12*D18)/(D11*D17+D12*D18) -> 0.99903276 | E27: =(E25*E11*E17+E26*E12*E18)/(E11*E17+E12*E18) -> 0.9991418 | F27: =(F25*F11*F17+F26*F12*F18)/(F11*F17+F12*F18) -> 0.99947557
A28: Expected Amdocs Credit % | B28: =IF(B27<$D$3,$E$3,IF(B27<$D$4,$E$4,IF(B27<$D$5,$E$5,$E$6))) -> 0 | C28: =IF(C27<$D$3,$E$3,IF(C27<$D$4,$E$4,IF(C27<$D$5,$E$5,$E$6))) -> 0 | D28: =IF(D27<$D$3,$E$3,IF(D27<$D$4,$E$4,IF(D27<$D$5,$E$5,$E$6))) -> 0 | E28: =IF(E27<$D$3,$E$3,IF(E27<$D$4,$E$4,IF(E27<$D$5,$E$5,$E$6))) -> 0 | F28: =IF(F27<$D$3,$E$3,IF(F27<$D$4,$E$4,IF(F27<$D$5,$E$5,$E$6))) -> 0
A29: Expected Amdocs Fine(M) | B29: =IF(B27<$D$3,$F$3,IF(B27<$D$4,$F$4,IF(B27<$D$5,$F$5,$F$6))) -> 0 | C29: =IF(C27<$D$3,$F$3,IF(C27<$D$4,$F$4,IF(C27<$D$5,$F$5,$F$6))) -> 0 | D29: =IF(D27<$D$3,$F$3,IF(D27<$D$4,$F$4,IF(D27<$D$5,$F$5,$F$6))) -> 0 | E29: =IF(E27<$D$3,$F$3,IF(E27<$D$4,$F$4,IF(E27<$D$5,$F$5,$F$6))) -> 0 | F29: =IF(F27<$D$3,$F$3,IF(F27<$D$4,$F$4,IF(F27<$D$5,$F$5,$F$6))) -> 0 | G29: =SUM(C29:F29) -> 0
A30: Adjusted Amdocs Ratio | B30: =100%+B28 -> 1 | C30: =100%+C28 -> 1 | D30: =100%+D28 -> 1 | E30: =100%+E28 -> 1 | F30: =100%+F28 -> 1
A31: Expected Total Quaterly Amdocs Revenues(M) | B31: =B30*B23-B29 -> 5 | C31: =C30*C23-C29 -> 5.15 | D31: =D30*D23-D29 -> 5.3045 | E31: =E30*E23-E29 -> 5.463635 | F31: =F30*F23-F29 -> 5.6275441 | G31: =SUM(C31:F31) -> 21.545679 | I31: =I17*H17+I18*H18 -> 0.6

Sheet FailureForCPU
A2: Probability of failure as function of CPU utilization
A4: CPU utilization % | B4: Single Event Failure Probability | C4: Number of Failures per M events
A5: 60 | B5: 0 | C5: =1000000*B5 -> 0
A6: 90 | B6: 0.05 | C6: =1000000*B6 -> 50000
A7: 95 | B7: 0.1 | C7: =1000000*B7 -> 100000
A8: 98 | B8: 0.2 | C8: =1000000*B8 -> 200000
A9: 100 | B9: 0.5 | C9: =1000000*B9 -> 500000
A13: Every 1% step
A14: CPU | B14: Failure Probability
A15: 0 | B15: =IF(A15<$A$5,0,IF(A15<=$A$6,(A15-$A$5)*$B$6/($A$6-$A$5),IF(A15<=$A$7,$B$6+(A15-$A$6)*($B$7-$B$6)/($A$7-$A$6),IF(A15<=$A$8,$B$7+(A15-$A$7)*($B$8-$B$7)/($A$8-$A$7),$B$8+(A15-$A$8)*($B$9-$B$8)/(100-$A$8))))) -> 0
A16: 1 | B16: =IF(A16<$A$5,0,IF(A16<=$A$6,(A16-$A$5)*$B$6/($A$6-$A$5),IF(A16<=$A$7,$B$6+(A16-$A$6)*($B$7-$B$6)/($A$7-$A$6),IF(A16<=$A$8,$B$7+(A16-$A$7)*($B$8-$B$7)/($A$8-$A$7),$B$8+(A16-$A$8)*($B$9-$B$8)/(100-$A$8))))) -> 0 | D16: CPU | E16: 0 | F16: 5 | G16: 10 | H16: 15 | I16: 20 | J16: 25 | K16: 30 | L16: 35 | M16: 40 | N16: 45 | O16: 50 | P16: 55 | Q16: 60 | R16: 65 | S16: 70 | T16: 75 | U16: 80 | V16: 85 | W16: 90 | X16: 95 | Y16: 100
A17: 2 | B17: =IF(A17<$A$5,0,IF(A17<=$A$6,(A17-$A$5)*$B$6/($A$6-$A$5),IF(A17<=$A$7,$B$6+(A17-$A$6)*($B$7-$B$6)/($A$7-$A$6),IF(A17<=$A$8,$B$7+(A17-$A$7)*($B$8-$B$7)/($A$8-$A$7),$B$8+(A17-$A$8)*($B$9-$B$8)/(100-$A$8))))) -> 0 | D17: Failure Probability | E17: =IF(E16<$A$5,0,IF(E16<=$A$6,(E16-$A$5)*$B$6/($A$6-$A$5),IF(E16<=$A$7,$B$6+(E16-$A$6)*($B$7-$B$6)/($A$7-$A$6),IF(E16<=$A$8,$B$7+(E16-$A$7)*($B$8-$B$7)/($A$8-$A$7),$B$8+(E16-$A$8)*($B$9-$B$8)/(100-$A$8))))) -> 0 | F17: =IF(F16<$A$5,0,IF(F16<=$A$6,(F16-$A$5)*$B$6/($A$6-$A$5),IF(F16<=$A$7,$B$6+(F16-$A$6)*($B$7-$B$6)/($A$7-$A$6),IF(F16<=$A$8,$B$7+(F16-$A$7)*($B$8-$B$7)/($A$8-$A$7),$B$8+(F16-$A$8)*($B$9-$B$8)/(100-$A$8))))) -> 0 | G17: =IF(G16<$A$5,0,IF(G16<=$A$6,(G16-$A$5)*$B$6/($A$6-$A$5),IF(G16<=$A$7,$B$6+(G16-$A$6)*($B$7-$B$6)/($A$7-$A$6),IF(G16<=$A$8,$B$7+(G16-$A$7)*($B$8-$B$7)/($A$8-$A$7),$B$8+(G16-$A$8)*($B$9-$B$8)/(100-$A$8))))) -> 0 | H17: =IF(H16<$A$5,0,IF(H16<=$A$6,(H16-$A$5)*$B$6/($A$6-$A$5),IF(H16<=$A$7,$B$6+(H16-$A$6)*($B$7-$B$6)/($A$7-$A$6),IF(H16<=$A$8,$B$7+(H16-$A$7)*($B$8-$B$7)/($A$8-$A$7),$B$8+(H16-$A$8)*($B$9-$B$8)/(100-$A$8))))) -> 0 | I17: =IF(I16<$A$5,0,IF(I16<=$A$6,(I16-$A$5)*$B$6/($A$6-$A$5),IF(I16<=$A$7,$B$6+(I16-$A$6)*($B$7-$B$6)/($A$7-$A$6),IF(I16<=$A$8,$B$7+(I16-$A$7)*($B$8-$B$7)/($A$8-$A$7),$B$8+(I16-$A$8)*($B$9-$B$8)/(100-$A$8))))) -> 0 | J17: =IF(J16<$A$5,0,IF(J16<=$A$6,(J16-$A$5)*$B$6/($A$6-$A$5),IF(J16<=$A$7,$B$6+(J16-$A$6)*($B$7-$B$6)/($A$7-$A$6),IF(J16<=$A$8,$B$7+(J16-$A$7)*($B$8-$B$7)/($A$8-$A$7),$B$8+(J16-$A$8)*($B$9-$B$8)/(100-$A$8))))) -> 0 | K17: =IF(K16<$A$5,0,IF(K16<=$A$6,(K16-$A$5)*$B$6/($A$6-$A$5),IF(K16<=$A$7,$B$6+(K16-$A$6)*($B$7-$B$6)/($A$7-$A$6),IF(K16<=$A$8,$B$7+(K16-$A$7)*($B$8-$B$7)/($A$8-$A$7),$B$8+(K16-$A$8)*($B$9-$B$8)/(100-$A$8))))) -> 0 | L17: =IF(L16<$A$5,0,IF(L16<=$A$6,(L16-$A$5)*$B$6/($A$6-$A$5),IF(L16<=$A$7,$B$6+(L16-$A$6)*($B$7-$B$6)/($A$7-$A$6),IF(L16<=$A$8,$B$7+(L16-$A$7)*($B$8-$B$7)/($A$8-$A$7),$B$8+(L16-$A$8)*($B$9-$B$8)/(100-$A$8))))) -> 0 | ... Y17: =IF(Y16<$A$5,0,IF(Y16<=$A$6,(Y16-$A$5)*$B$6/($A$6-$A$5),IF(Y16<=$A$7,$B$6+(Y16-$A$6)*($B$7-$B$6)/($A$7-$A$6),IF(Y16<=$A$8,$B$7+(Y16-$A$7)*($B$8-$B$7)/($A$8-$A$7),$B$8+(Y16-$A$8)*($B$9-$B$8)/(100-$A$8))))) -> 0.5
A18: 3 | B18: =IF(A18<$A$5,0,IF(A18<=$A$6,(A18-$A$5)*$B$6/($A$6-$A$5),IF(A18<=$A$7,$B$6+(A18-$A$6)*($B$7-$B$6)/($A$7-$A$6),IF(A18<=$A$8,$B$7+(A18-$A$7)*($B$8-$B$7)/($A$8-$A$7),$B$8+(A18-$A$8)*($B$9-$B$8)/(100-$A$8))))) -> 0
A19: 4 | B19: =IF(A19<$A$5,0,IF(A19<=$A$6,(A19-$A$5)*$B$6/($A$6-$A$5),IF(A19<=$A$7,$B$6+(A19-$A$6)*($B$7-$B$6)/($A$7-$A$6),IF(A19<=$A$8,$B$7+(A19-$A$7)*($B$8-$B$7)/($A$8-$A$7),$B$8+(A19-$A$8)*($B$9-$B$8)/(100-$A$8))))) -> 0
A20: 5 | B20: =IF(A20<$A$5,0,IF(A20<=$A$6,(A20-$A$5)*$B$6/($A$6-$A$5),IF(A20<=$A$7,$B$6+(A20-$A$6)*($B$7-$B$6)/($A$7-$A$6),IF(A20<=$A$8,$B$7+(A20-$A$7)*($B$8-$B$7)/($A$8-$A$7),$B$8+(A20-$A$8)*($B$9-$B$8)/(100-$A$8))))) -> 0
A21: 6 | B21: =IF(A21<$A$5,0,IF(A21<=$A$6,(A21-$A$5)*$B$6/($A$6-$A$5),IF(A21<=$A$7,$B$6+(A21-$A$6)*($B$7-$B$6)/($A$7-$A$6),IF(A21<=$A$8,$B$7+(A21-$A$7)*($B$8-$B$7)/($A$8-$A$7),$B$8+(A21-$A$8)*($B$9-$B$8)/(100-$A$8))))) -> 0
A22: 7 | B22: =IF(A22<$A$5,0,IF(A22<=$A$6,(A22-$A$5)*$B$6/($A$6-$A$5),IF(A22<=$A$7,$B$6+(A22-$A$6)*($B$7-$B$6)/($A$7-$A$6),IF(A22<=$A$8,$B$7+(A22-$A$7)*($B$8-$B$7)/($A$8-$A$7),$B$8+(A22-$A$8)*($B$9-$B$8)/(100-$A$8))))) -> 0
A23: 8 | B23: =IF(A23<$A$5,0,IF(A23<=$A$6,(A23-$A$5)*$B$6/($A$6-$A$5),IF(A23<=$A$7,$B$6+(A23-$A$6)*($B$7-$B$6)/($A$7-$A$6),IF(A23<=$A$8,$B$7+(A23-$A$7)*($B$8-$B$7)/($A$8-$A$7),$B$8+(A23-$A$8)*($B$9-$B$8)/(100-$A$8))))) -> 0
A24: 9 | B24: =IF(A24<$A$5,0,IF(A24<=$A$6,(A24-$A$5)*$B$6/($A$6-$A$5),IF(A24<=$A$7,$B$6+(A24-$A$6)*($B$7-$B$6)/($A$7-$A$6),IF(A24<=$A$8,$B$7+(A24-$A$7)*($B$8-$B$7)/($A$8-$A$7),$B$8+(A24-$A$8)*($B$9-$B$8)/(100-$A$8))))) -> 0
A25: 10 | B25: =IF(A25<$A$5,0,IF(A25<=$A$6,(A25-$A$5)*$B$6/($A$6-$A$5),IF(A25<=$A$7,$B$6+(A25-$A$6)*($B$7-$B$6)/($A$7-$A$6),IF(A25<=$A$8,$B$7+(A25-$A$7)*($B$8-$B$7)/($A$8-$A$7),$B$8+(A25-$A$8)*($B$9-$B$8)/(100-$A$8))))) -> 0
A26: 11 | B26: =IF(A26<$A$5,0,IF(A26<=$A$6,(A26-$A$5)*$B$6/($A$6-$A$5),IF(A26<=$A$7,$B$6+(A26-$A$6)*($B$7-$B$6)/($A$7-$A$6),IF(A26<=$A$8,$B$7+(A26-$A$7)*($B$8-$B$7)/($A$8-$A$7),$B$8+(A26-$A$8)*($B$9-$B$8)/(100-$A$8))))) -> 0
A27: 12 | B27: =IF(A27<$A$5,0,IF(A27<=$A$6,(A27-$A$5)*$B$6/($A$6-$A$5),IF(A27<=$A$7,$B$6+(A27-$A$6)*($B$7-$B$6)/($A$7-$A$6),IF(A27<=$A$8,$B$7+(A27-$A$7)*($B$8-$B$7)/($A$8-$A$7),$B$8+(A27-$A$8)*($B$9-$B$8)/(100-$A$8))))) -> 0
A28: 13 | B28: =IF(A28<$A$5,0,IF(A28<=$A$6,(A28-$A$5)*$B$6/($A$6-$A$5),IF(A28<=$A$7,$B$6+(A28-$A$6)*($B$7-$B$6)/($A$7-$A$6),IF(A28<=$A$8,$B$7+(A28-$A$7)*($B$8-$B$7)/($A$8-$A$7),$B$8+(A28-$A$8)*($B$9-$B$8)/(100-$A$8))))) -> 0
A29: 14 | B29: =IF(A29<$A$5,0,IF(A29<=$A$6,(A29-$A$5)*$B$6/($A$6-$A$5),IF(A29<=$A$7,$B$6+(A29-$A$6)*($B$7-$B$6)/($A$7-$A$6),IF(A29<=$A$8,$B$7+(A29-$A$7)*($B$8-$B$7)/($A$8-$A$7),$B$8+(A29-$A$8)*($B$9-$B$8)/(100-$A$8))))) -> 0
... A115: 100 | B115: =IF(A115<$A$5,0,IF(A115<=$A$6,(A115-$A$5)*$B$6/($A$6-$A$5),IF(A115<=$A$7,$B$6+(A115-$A$6)*($B$7-$B$6)/($A$7-$A$6),IF(A115<=$A$8,$B$7+(A115-$A$7)*($B$8-$B$7)/($A$8-$A$7),$B$8+(A115-$A$8)*($B$9-$B$8)/(100-$A$8))))) -> 0.5

Sheet ServerTypeA
A1: Rb4-lile(average of 15 servers,old)
A2: HourOfDay | B2: Events per hr (M) | C2: Log Events Per Hour | D2: Average of log-cpu | E2: StdDev of log-cpu
A3: 0 | B3: 0.54705915 | C3: =LN(B3) -> -0.60319835 | D3: 2.7099669 | E3: 0.31307037
A4: 1 | B4: 0.30210809 | C4: =LN(B4) -> -1.1969704 | D4: 2.5235962 | E4: 0.36368963
A5: 2 | B5: 0.19123857 | C5: =LN(B5) -> -1.6542336 | D5: 2.4103539 | E5: 0.39784695
A6: 3 | B6: 0.17781026 | C6: =LN(B6) -> -1.7270383 | D6: 2.3554325 | E6: 0.40235057
A7: 4 | B7: 0.35924234 | C7: =LN(B7) -> -1.0237581 | D7: 2.5455343 | E7: 0.36443338
A8: 5 | B8: 0.95434751 | C8: =LN(B8) -> -0.046727409 | D8: 2.9667048 | E8: 0.27281514
A9: 6 | B9: 1.3952391 | C9: =LN(B9) -> 0.3330658 | D9: 3.2003399 | E9: 0.21703426
A10: 7 | B10: 1.6468302 | C10: =LN(B10) -> 0.49885237 | D10: 3.3054725 | E10: 0.2163628
A11: 8 | B11: 1.8977111 | C11: =LN(B11) -> 0.6406485 | D11: 3.410284 | E11: 0.21035771
A12: 9 | B12: 2.1127481 | C12: =LN(B12) -> 0.74798949 | D12: 3.4873616 | E12: 0.19342712
A13: 10 | B13: 2.2471278 | C13: =LN(B13) -> 0.80965286 | D13: 3.5408984 | E13: 0.18034252
A14: 11 | B14: 2.3458745 | C14: =LN(B14) -> 0.85265824 | D14: 3.5532207 | E14: 0.17363274
... A26: 23 | B26: 1.0004341 | C26: =LN(B26) -> 0.00043397915 | D26: 3.0199697 | E26: 0.28172777
A28: Total | B28: =SUM(B3:B26) -> 48.744819
B29: Regression from number of events to log-CPU
C30: x^3 | D30: x^2 | E30: x | F30: c
B31: Coeff | C31: {=LINEST(D3:D26,B3:B26^{1,2,3})} -> 0.022406006 | D31: -0.22547508 | E31: 0.97180655 | F31: 2.2274934
B34: Regression from log of number of events to std of log CPU
C35: ln(EPH) | D35: C
B36: Coeff | C36: {=LINEST(E3:E26,C3:C26)} -> -0.092492832 | D36: 0.25603831
A39: Prediction | K39: Commulative Distribution (Probability CPU is less)
A41: EPH(in M) | B41: Log-EPH | C41: Log-CPU | D41: CPU | E41: STD of LOG-CPU | F41: 0.0 | G41: 2.5 | H41: 7.5 | I41: 12.5 | J41: 17.5 | K41: 21.5 | L41: 26.5 | M41: 31.5 | N41: 36.5 | O41: 41.5 | P41: 46.5 | Q41: 51.5 | R41: 56.5 | S41: 61.5 | T41: 66.5 | U41: 71.5 | V41: 76.5 | W41: 81.5 | X41: 86.5 | Y41: 91.5 | Z41: 96.5 | AA41: 101.5
A42: 0.1 | B42: =LN(A42) -> -2.3025851 | C42: =((A42*$C$31+$D$31)*A42+$E$31)*A42+$F$31 -> 2.3224417 | D42: =EXP(C42) -> 10.20055 | E42: =$C$36*B42+$D$36 -> 0.46901092 | F42: 0 | G42: =NORMDIST(LN(G$41),$C42,$E42,TRUE) -> 0.0013582543 | H42: =NORMDIST(LN(H$41),$C42,$E42,TRUE) -> 0.25600297 | I42: =NORMDIST(LN(I$41),$C42,$E42,TRUE) -> 0.66765156 | J42: =NORMDIST(LN(J$41),$C42,$E42,TRUE) -> 0.87510214 | K42: =NORMDIST(LN(K$41),$C42,$E42,TRUE) -> 0.94405469 | L42: =NORMDIST(LN(L$41),$C42,$E42,TRUE) -> 0.97910306 | M42: =NORMDIST(LN(M$41),$C42,$E42,TRUE) -> 0.99189368 | N42: =NORMDIST(LN(N$41),$C42,$E42,TRUE) -> 0.9967182 | ... Z42: =NORMDIST(LN(Z$41),$C42,$E42,TRUE) -> 0.99999917 | AA42: 1
A43: 0.2 | B43: =LN(A43) -> -1.6094379 | C43: =((A43*$C$31+$D$31)*A43+$E$31)*A43+$F$31 -> 2.4130149 | D43: =EXP(C43) -> 11.16758 | E43: =$C$36*B43+$D$36 -> 0.40489978 | F43: 0 | G43: =NORMDIST(LN(G$41),$C43,$E43,TRUE) -> 0.00010928321 | H43: =NORMDIST(LN(H$41),$C43,$E43,TRUE) -> 0.16274574 | I43: =NORMDIST(LN(I$41),$C43,$E43,TRUE) -> 0.60963752 | J43: =NORMDIST(LN(J$41),$C43,$E43,TRUE) -> 0.86636593 | K43: =NORMDIST(LN(K$41),$C43,$E43,TRUE) -> 0.94714479 | L43: =NORMDIST(LN(L$41),$C43,$E43,TRUE) -> 0.98358606 | M43: =NORMDIST(LN(M$41),$C43,$E43,TRUE) -> 0.99478233 | N43: =NORMDIST(LN(N$41),$C43,$E43,TRUE) -> 0.99827725 | ... Z43: =NORMDIST(LN(Z$41),$C43,$E43,TRUE) -> 0.99999995 | AA43: 1
A44: 0.3 | B44: =LN(A44) -> -1.2039728 | C44: =((A44*$C$31+$D$31)*A44+$E$31)*A44+$F$31 -> 2.4993475 | D44: =EXP(C44) -> 12.174548 | E44: =$C$36*B44+$D$36 -> 0.36739716 | F44: 0 | G44: =NORMDIST(LN(G$41),$C44,$E44,TRUE) -> 8.2055294e-06 | H44: =NORMDIST(LN(H$41),$C44,$E44,TRUE) -> 0.093653891 | I44: =NORMDIST(LN(I$41),$C44,$E44,TRUE) -> 0.52862163 | J44: =NORMDIST(LN(J$41),$C44,$E44,TRUE) -> 0.83833365 | K44: =NORMDIST(LN(K$41),$C44,$E44,TRUE) -> 0.93918053 | L44: =NORMDIST(LN(L$41),$C44,$E44,TRUE) -> 0.98287209 | M44: =NORMDIST(LN(M$41),$C44,$E44,TRUE) -> 0.99516624 | N44: =NORMDIST(LN(N$41),$C44,$E44,TRUE) -> 0.99859823 | ... Z44: =NORMDIST(LN(Z$41),$C44,$E44,TRUE) -> 0.99999999 | AA44: 1
A45: 0.4 | B45: =LN(A45) -> -0.91629073 | C45: =((A45*$C$31+$D$31)*A45+$E$31)*A45+$F$31 -> 2.5815739 | D45: =EXP(C45) -> 13.217926 | E45: =$C$36*B45+$D$36 -> 0.34078863 | F45: 0 | G45: =NORMDIST(LN(G$41),$C45,$E45,TRUE) -> 5.130721e-07 | H45: =NORMDIST(LN(H$41),$C45,$E45,TRUE) -> 0.048174008 | I45: =NORMDIST(LN(I$41),$C45,$E45,TRUE) -> 0.43491643 | J45: =NORMDIST(LN(J$41),$C45,$E45,TRUE) -> 0.79487771 | K45: =NORMDIST(LN(K$41),$C45,$E45,TRUE) -> 0.92328345 | L45: =NORMDIST(LN(L$41),$C45,$E45,TRUE) -> 0.97937768 | M45: =NORMDIST(LN(M$41),$C45,$E45,TRUE) -> 0.99458671 | N45: =NORMDIST(LN(N$41),$C45,$E45,TRUE) -> 0.99856135 | ... Z45: =NORMDIST(LN(Z$41),$C45,$E45,TRUE) -> 1 | AA45: 1
A46: 0.5 | B46: =LN(A46) -> -0.69314718 | C46: =((A46*$C$31+$D$31)*A46+$E$31)*A46+$F$31 -> 2.6598286 | D46: =EXP(C46) -> 14.293839 | E46: =$C$36*B46+$D$36 -> 0.32014945 | F46: 0 | G46: =NORMDIST(LN(G$41),$C46,$E46,TRUE) -> 2.5755776e-08 | H46: =NORMDIST(LN(H$41),$C46,$E46,TRUE) -> 0.021981068 | I46: =NORMDIST(LN(I$41),$C46,$E46,TRUE) -> 0.33765675 | J46: =NORMDIST(LN(J$41),$C46,$E46,TRUE) -> 0.73634515 | K46: =NORMDIST(LN(K$41),$C46,$E46,TRUE) -> 0.89886405 | L46: =NORMDIST(LN(L$41),$C46,$E46,TRUE) -> 0.97308564 | M46: =NORMDIST(LN(M$41),$C46,$E46,TRUE) -> 0.99320827 | N46: =NORMDIST(LN(N$41),$C46,$E46,TRUE) -> 0.99829572 | ... Z46: =NORMDIST(LN(Z$41),$C46,$E46,TRUE) -> 1 | AA46: 1
A47: 0.6 | B47: =LN(A47) -> -0.51082562 | C47: =((A47*$C$31+$D$31)*A47+$E$31)*A47+$F$31 -> 2.734246 | D47: =EXP(C47) -> 15.398128 | E47: =$C$36*B47+$D$36 -> 0.30328602 | F47: 0 | G47: =NORMDIST(LN(G$41),$C47,$E47,TRUE) -> 1.0224854e-09 | H47: =NORMDIST(LN(H$41),$C47,$E47,TRUE) -> 0.0088501112 | I47: =NORMDIST(LN(I$41),$C47,$E47,TRUE) -> 0.24587536 | J47: =NORMDIST(LN(J$41),$C47,$E47,TRUE) -> 0.66344926 | K47: =NORMDIST(LN(K$41),$C47,$E47,TRUE) -> 0.86447207 | L47: =NORMDIST(LN(L$41),$C47,$E47,TRUE) -> 0.9632775 | M47: =NORMDIST(LN(M$41),$C47,$E47,TRUE) -> 0.99086144 | N47: =NORMDIST(LN(N$41),$C47,$E47,TRUE) -> 0.99778443 | ... Z47: =NORMDIST(LN(Z$41),$C47,$E47,TRUE) -> 1 | AA47: 1
A48: 0.7 | B48: =LN(A48) -> -0.35667494 | C48: =((A48*$C$31+$D$31)*A48+$E$31)*A48+$F$31 -> 2.8049604 | D48: =EXP(C48) -> 16.526422 | E48: =$C$36*B48+$D$36 -> 0.28902818 | F48: 0 | G48: =NORMDIST(LN(G$41),$C48,$E48,TRUE) -> 3.1900117e-11 | H48: =NORMDIST(LN(H$41),$C48,$E48,TRUE) -> 0.0031332939 | I48: =NORMDIST(LN(I$41),$C48,$E48,TRUE) -> 0.16699565 | J48: =NORMDIST(LN(J$41),$C48,$E48,TRUE) -> 0.57849491 | K48: =NORMDIST(LN(K$41),$C48,$E48,TRUE) -> 0.81865887 | L48: =NORMDIST(LN(L$41),$C48,$E48,TRUE) -> 0.9488387 | M48: =NORMDIST(LN(M$41),$C48,$E48,TRUE) -> 0.98718294 | N48: =NORMDIST(LN(N$41),$C48,$E48,TRUE) -> 0.99694142 | ... Z48: =NORMDIST(LN(Z$41),$C48,$E48,TRUE) -> 1 | AA48: 1
A49: 0.8 | B49: =LN(A49) -> -0.22314355 | C49: =((A49*$C$31+$D$31)*A49+$E$31)*A49+$F$31 -> 2.8721064 | D49: =EXP(C49) -> 17.674208 | E49: =$C$36*B49+$D$36 -> 0.27667749 | F49: 0 | G49: =NORMDIST(LN(G$41),$C49,$E49,TRUE) -> 7.8062556e-13 | H49: =NORMDIST(LN(H$41),$C49,$E49,TRUE) -> 0.00097348551 | I49: =NORMDIST(LN(I$41),$C49,$E49,TRUE) -> 0.10529971 | J49: =NORMDIST(LN(J$41),$C49,$E49,TRUE) -> 0.48572022 | K49: =NORMDIST(LN(K$41),$C49,$E49,TRUE) -> 0.76059342 | L49: =NORMDIST(LN(L$41),$C49,$E49,TRUE) -> 0.92839437 | M49: =NORMDIST(LN(M$41),$C49,$E49,TRUE) -> 0.98163017 | N49: =NORMDIST(LN(N$41),$C49,$E49,TRUE) -> 0.99561797 | ... Z49: =NORMDIST(LN(Z$41),$C49,$E49,TRUE) -> 1 | AA49: 1
A50: 0.9 | B50: =LN(A50) -> -0.10536052 | C50: =((A50*$C$31+$D$31)*A50+$E$31)*A50+$F$31 -> 2.9358184 | D50: =EXP(C50) -> 18.836913 | E50: =$C$36*B50+$D$36 -> 0.2657834 | F50: 0 | G50: =NORMDIST(LN(G$41),$C50,$E50,TRUE) -> 1.4991111e-14 | H50: =NORMDIST(LN(H$41),$C50,$E50,TRUE) -> 0.00026520508 | I50: =NORMDIST(LN(I$41),$C50,$E50,TRUE) -> 0.061421785 | J50: =NORMDIST(LN(J$41),$C50,$E50,TRUE) -> 0.39089651 | K50: =NORMDIST(LN(K$41),$C50,$E50,TRUE) -> 0.6905914 | L50: =NORMDIST(LN(L$41),$C50,$E50,TRUE) -> 0.9004688 | M50: =NORMDIST(LN(M$41),$C50,$E50,TRUE) -> 0.97347673 | N50: =NORMDIST(LN(N$41),$C50,$E50,TRUE) -> 0.99359207 | ... Z50: =NORMDIST(LN(Z$41),$C50,$E50,TRUE) -> 1 | AA50: 1
A51: 1 | B51: =LN(A51) -> 0 | C51: =((A51*$C$31+$D$31)*A51+$E$31)*A51+$F$31 -> 2.9962308 | D51: =EXP(C51) -> 20.009974 | E51: =$C$36*B51+$D$36 -> 0.25603831 | F51: 0 | G51: =NORMDIST(LN(G$41),$C51,$E51,TRUE) -> 2.2637022e-16 | H51: =NORMDIST(LN(H$41),$C51,$E51,TRUE) -> 6.3362385e-05 | I51: =NORMDIST(LN(I$41),$C51,$E51,TRUE) -> 0.033058901 | J51: =NORMDIST(LN(J$41),$C51,$E51,TRUE) -> 0.30032147 | K51: =NORMDIST(LN(K$41),$C51,$E51,TRUE) -> 0.61045807 | L51: =NORMDIST(LN(L$41),$C51,$E51,TRUE) -> 0.86371334 | M51: =NORMDIST(LN(M$41),$C51,$E51,TRUE) -> 0.96182114 | N51: =NORMDIST(LN(N$41),$C51,$E51,TRUE) -> 0.99055318 | ... Z51: =NORMDIST(LN(Z$41),$C51,$E51,TRUE) -> 1 | AA51: 1
A52: 1.1 | B52: =LN(A52) -> 0.09531018 | C52: =((A52*$C$31+$D$31)*A52+$E$31)*A52+$F$31 -> 3.0534781 | D52: =EXP(C52) -> 21.188914 | E52: =$C$36*B52+$D$36 -> 0.2472228 | F52: 0 | G52: =NORMDIST(LN(G$41),$C52,$E52,TRUE) -> 2.6953888e-18 | H52: =NORMDIST(LN(H$41),$C52,$E52,TRUE) -> 1.3288803e-05 | I52: =NORMDIST(LN(I$41),$C52,$E52,TRUE) -> 0.016392273 | J52: =NORMDIST(LN(J$41),$C52,$E52,TRUE) -> 0.21955298 | K52: =NORMDIST(LN(K$41),$C52,$E52,TRUE) -> 0.52350572 | L52: =NORMDIST(LN(L$41),$C52,$E52,TRUE) -> 0.81719229 | M52: =NORMDIST(LN(M$41),$C52,$E52,TRUE) -> 0.94562695 | N52: =NORMDIST(LN(N$41),$C52,$E52,TRUE) -> 0.98608851 | ... Z52: =NORMDIST(LN(Z$41),$C52,$E52,TRUE) -> 1 | AA52: 1
A53: 1.2 | B53: =LN(A53) -> 0.18232156 | C53: =((A53*$C$31+$D$31)*A53+$E$31)*A53+$F$31 -> 3.1076947 | D53: =EXP(C53) -> 22.369416 | E53: =$C$36*B53+$D$36 -> 0.23917487 | F53: 0 | G53: =NORMDIST(LN(G$41),$C53,$E53,TRUE) -> 2.5389541e-20 | H53: =NORMDIST(LN(H$41),$C53,$E53,TRUE) -> 2.4502018e-06 | I53: =NORMDIST(LN(I$41),$C53,$E53,TRUE) -> 0.0074825198 | J53: =NORMDIST(LN(J$41),$C53,$E53,TRUE) -> 0.1523469 | K53: =NORMDIST(LN(K$41),$C53,$E53,TRUE) -> 0.4341793 | L53: =NORMDIST(LN(L$41),$C53,$E53,TRUE) -> 0.76067566 | M53: =NORMDIST(LN(M$41),$C53,$E53,TRUE) -> 0.92380504 | N53: =NORMDIST(LN(N$41),$C53,$E53,TRUE) -> 0.97967642 | ... Z53: =NORMDIST(LN(Z$41),$C53,$E53,TRUE) -> 1 | AA53: 1
... A101: 6 | B101: =LN(A101) -> 1.7917595 | C101: =((A101*$C$31+$D$31)*A101+$E$31)*A101+$F$31 -> 4.780927 | D101: =EXP(C101) -> 119.21481 | E101: =$C$36*B101+$D$36 -> 0.090313399 | F101: 0 | G101: =NORMDIST(LN(G$41),$C101,$E101,TRUE) -> 0 | H101: =NORMDIST(LN(H$41),$C101,$E101,TRUE) -> 2.6794671e-206 | I101: =NORMDIST(LN(I$41),$C101,$E101,TRUE) -> 6.3467039e-138 | J101: =NORMDIST(LN(J$41),$C101,$E101,TRUE) -> 1.8257803e-100 | K101: =NORMDIST(LN(K$41),$C101,$E101,TRUE) -> 1.6322596e-80 | L101: =NORMDIST(LN(L$41),$C101,$E101,TRUE) -> 1.4951612e-62 | M101: =NORMDIST(LN(M$41),$C101,$E101,TRUE) -> 1.8677424e-49 | N101: =NORMDIST(LN(N$41),$C101,$E101,TRUE) -> 1.5284052e-39 | ... Z101: =NORMDIST(LN(Z$41),$C101,$E101,TRUE) -> 0.009627412 | AA101: 1
A104: Probability Distribution for CPU to fall into bin ventered at each 5% step
A105: EPH(in M) | B105: 0 | C105: 5 | D105: 10 | E105: 15 | F105: 20 | G105: 25 | H105: 30 | I105: 35 | J105: 40 | K105: 45 | L105: 50 | M105: 55 | N105: 60 | O105: 65 | P105: 70 | Q105: 75 | R105: 80 | S105: 85 | T105: 90 | U105: 95 | V105: 100
A106: 0.1 | B106: 0 | C106: =H42-G42 -> 0.25464472 | D106: =I42-H42 -> 0.41164859 | E106: =J42-I42 -> 0.20745058 | F106: =K42-J42 -> 0.068952549 | G106: =L42-K42 -> 0.03504837 | H106: =M42-L42 -> 0.012790613 | I106: =N42-M42 -> 0.0048245244 | J106: =O42-N42 -> 0.0018957382 | ... V106: =AA42-Z42 -> 8.2914343e-07
A107: 0.2 | B107: 0 | C107: =H43-G43 -> 0.16263646 | D107: =I43-H43 -> 0.44689178 | E107: =J43-I43 -> 0.25672841 | F107: =K43-J43 -> 0.080778867 | G107: =L43-K43 -> 0.036441263 | H107: =M43-L43 -> 0.011196276 | I107: =N43-M43 -> 0.0034949134 | J107: =O43-N43 -> 0.0011292489 | ... V107: =AA43-Z43 -> 5.0177817e-08
A108: 0.3 | B108: 0 | C108: =H44-G44 -> 0.093645685 | D108: =I44-H44 -> 0.43496774 | E108: =J44-I44 -> 0.30971202 | F108: =K44-J44 -> 0.10084688 | G108: =L44-K44 -> 0.043691558 | H108: =M44-L44 -> 0.012294147 | I108: =N44-M44 -> 0.0034319914 | J108: =O44-N44 -> 0.000979748 | ... V108: =AA44-Z44 -> 8.7650239e-09
A109: 0.4 | B109: 0 | C109: =H45-G45 -> 0.048173495 | D109: =I45-H45 -> 0.38674242 | E109: =J45-I45 -> 0.35996128 | F109: =K45-J45 -> 0.12840573 | G109: =L45-K45 -> 0.05609423 | H109: =M45-L45 -> 0.015209034 | I109: =N45-M45 -> 0.0039746438 | J109: =O45-N45 -> 0.001045065 | ... V109: =AA45-Z45 -> 2.7148532e-09
A110: 0.5 | B110: 0 | C110: =H46-G46 -> 0.021981043 | D110: =I46-H46 -> 0.31567568 | E110: =J46-I46 -> 0.3986884 | F110: =K46-J46 -> 0.16251889 | G110: =L46-K46 -> 0.074221593 | H110: =M46-L46 -> 0.020122628 | I110: =N46-M46 -> 0.0050874565 | J110: =O46-N46 -> 0.0012689106 | ... V110: =AA46-Z46 -> 1.2226341e-09
A111: 0.6 | B111: 0 | C111: =H47-G47 -> 0.0088501101 | D111: =I47-H47 -> 0.23702525 | E111: =J47-I47 -> 0.4175739 | F111: =K47-J47 -> 0.20102281 | G111: =L47-K47 -> 0.098805433 | H111: =M47-L47 -> 0.027583944 | I111: =N47-M47 -> 0.0069229815 | J111: =O47-N47 -> 0.0016759677 | ... V111: =AA47-Z47 -> 7.1807871e-10
A112: 0.7 | B112: 0 | C112: =H48-G48 -> 0.0031332938 | D112: =I48-H48 -> 0.16386236 | E112: =J48-I48 -> 0.41149926 | F112: =K48-J48 -> 0.24016396 | G112: =L48-K48 -> 0.13017983 | H112: =M48-L48 -> 0.038344238 | I112: =N48-M48 -> 0.0097584851 | J112: =O48-N48 -> 0.0023363481 | ... V112: =AA48-Z48 -> 5.1327409e-10
A113: 0.8 | B113: 0 | C113: =H49-G49 -> 0.00097348551 | D113: =I49-H49 -> 0.10432622 | E113: =J49-I49 -> 0.38042051 | F113: =K49-J49 -> 0.2748732 | G113: =L49-K49 -> 0.16780095 | H113: =M49-L49 -> 0.053235795 | I113: =N49-M49 -> 0.013987806 | J113: =O49-N49 -> 0.0033647225 | ... V113: =AA49-Z49 -> 4.2560033e-10
A114: 0.9 | B114: 0 | C114: =H50-G50 -> 0.00026520508 | D114: =I50-H50 -> 0.06115658 | E114: =J50-I50 -> 0.32947472 | F114: =K50-J50 -> 0.2996949 | G114: =L50-K50 -> 0.20987739 | H114: =M50-L50 -> 0.073007938 | I114: =N50-M50 -> 0.020115335 | J114: =O50-N50 -> 0.004927994 | ... V114: =AA50-Z50 -> 3.9524106e-10
A115: 1 | B115: 0 | C115: =H51-G51 -> 6.3362385e-05 | D115: =I51-H51 -> 0.032995538 | E115: =J51-I51 -> 0.26726257 | F115: =K51-J51 -> 0.3101366 | G115: =L51-K51 -> 0.25325528 | H115: =M51-L51 -> 0.098107797 | I115: =N51-M51 -> 0.028732042 | J115: =O51-N51 -> 0.0072542264 | ... V115: =AA51-Z51 -> 4.0024295e-10
A116: 1.1 | B116: 0 | C116: =H52-G52 -> 1.3288803e-05 | D116: =I52-H52 -> 0.016378984 | E116: =J52-I52 -> 0.2031607 | F116: =K52-J52 -> 0.30395274 | G116: =L52-K52 -> 0.29368657 | H116: =M52-L52 -> 0.12843467 | I116: =N52-M52 -> 0.04046156 | J116: =O52-N52 -> 0.010638167 | ... V116: =AA52-Z52 -> 4.3286164e-10
A117: 1.2 | B117: 0 | C117: =H53-G53 -> 2.4502018e-06 | D117: =I53-H53 -> 0.0074800696 | E117: =J53-I53 -> 0.14486438 | F117: =K53-J53 -> 0.2818324 | G117: =L53-K53 -> 0.32649636 | H117: =M53-L53 -> 0.16312938 | I117: =N53-M53 -> 0.055871383 | J117: =O53-N53 -> 0.015438764 | ... V117: =AA53-Z53 -> 4.9180227e-10
... A165: 6 | B165: 0 | C165: =H101-G101 -> 2.6794671e-206 | D165: =I101-H101 -> 6.3467039e-138 | E165: =J101-I101 -> 1.8257803e-100 | F165: =K101-J101 -> 1.6322596e-80 | G165: =L101-K101 -> 1.4951612e-62 | H165: =M101-L101 -> 1.8677424e-49 | I165: =N101-M101 -> 1.5284052e-39 | J165: =O101-N101 -> 7.6821869e-32 | ... V165: =AA101-Z101 -> 0.99037259
E167: Example for 3M EPH
A187: Current:
A188: Growth Factor | B188: 1
E189: Offset: | F189: 0 | G189: 1 | H189: 2 | I189: 3 | J189: 4 | K189: 5 | L189: 6 | M189: 7 | N189: 8 | O189: 9 | P189: 10 | Q189: 11 | R189: 12 | S189: 13 | T189: 14 | U189: 15 | V189: 16 | W189: 17 | X189: 18 | Y189: 19 | Z189: 20
A190: Hour of Day | B190: Current EPH | C190: Projected EPH | D190: Position of Closest EPH Value | E190: Closest Predicted EPH Value | F190: 0 | G190: 5 | H190: 10 | I190: 15 | J190: 20 | K190: 25 | L190: 30 | M190: 35 | N190: 40 | O190: 45 | P190: 50 | Q190: 55 | R190: 60 | S190: 65 | T190: 70 | U190: 75 | V190: 80 | W190: 85 | X190: 90 | Y190: 95 | Z190: 100 | AA190: Failure Probability | AB190: Expected Failures | AC190: Expected Success | AD190: Column1
A191: 0 | B191: =B3 -> 0.54705915 | C191: =$B$188*B191 -> 0.54705915 | D191: {=MATCH(MIN(ABS(ServerTypeA!$A$106:$A$165-$C191)),ABS(ServerTypeA!$A$106:$A$165-$C191),0)} -> 5 | E191: {=INDEX(ServerTypeA!$A$106:$A$165,MATCH(MIN(ABS(ServerTypeA!$A$106:$A$165-$C191)),ABS(ServerTypeA!$A$106:$A$165-$C191),0))} -> 0.5 | F191: =OFFSET($B$106,$D191-1,F$221,1,1) -> 0 | G191: =OFFSET($B$106,$D191-1,G$221,1,1) -> 0.021981043 | H191: =OFFSET($B$106,$D191-1,H$221,1,1) -> 0.31567568 | I191: =OFFSET($B$106,$D191-1,I$221,1,1) -> 0.3986884 | J191: =OFFSET($B$106,$D191-1,J$221,1,1) -> 0.16251889 | K191: =OFFSET($B$106,$D191-1,K$221,1,1) -> 0.074221593 | L191: =OFFSET($B$106,$D191-1,L$221,1,1) -> 0.020122628 | M191: =OFFSET($B$106,$D191-1,M$221,1,1) -> 0.0050874565 | ... Z191: =OFFSET($B$106,$D191-1,Z$221,1,1) -> 1.2226341e-09 | AA191: =SUMPRODUCT(F191:Z191,FailureForCPU!E$17:Y$17) -> 3.1761653e-08 | AB191: =AA191*C191 -> 1.7375503e-08 | AC191: =C191-AB191 -> 0.54705913 | AD191: =SUM(F191:Z191) -> 0.99999997
A192: 1 | B192: =B4 -> 0.30210809 | C192: =$B$188*B192 -> 0.30210809 | D192: {=MATCH(MIN(ABS(ServerTypeA!$A$106:$A$165-$C192)),ABS(ServerTypeA!$A$106:$A$165-$C192),0)} -> 3 | E192: {=INDEX(ServerTypeA!$A$106:$A$165,MATCH(MIN(ABS(ServerTypeA!$A$106:$A$165-$C192)),ABS(ServerTypeA!$A$106:$A$165-$C192),0))} -> 0.3 | F192: =OFFSET($B$106,$D192-1,F$221,1,1) -> 0 | G192: =OFFSET($B$106,$D192-1,G$221,1,1) -> 0.093645685 | H192: =OFFSET($B$106,$D192-1,H$221,1,1) -> 0.43496774 | I192: =OFFSET($B$106,$D192-1,I$221,1,1) -> 0.30971202 | J192: =OFFSET($B$106,$D192-1,J$221,1,1) -> 0.10084688 | K192: =OFFSET($B$106,$D192-1,K$221,1,1) -> 0.043691558 | L192: =OFFSET($B$106,$D192-1,L$221,1,1) -> 0.012294147 | M192: =OFFSET($B$106,$D192-1,M$221,1,1) -> 0.0034319914 | ... Z192: =OFFSET($B$106,$D192-1,Z$221,1,1) -> 8.7650239e-09 | AA192: =SUMPRODUCT(F192:Z192,FailureForCPU!E$17:Y$17) -> 7.348325e-08 | AB192: =AA192*C192 -> 2.2199885e-08 | AC192: =C192-AB192 -> 0.30210807 | AD192: =SUM(F192:Z192) -> 0.99999179
A193: 2 | B193: =B5 -> 0.19123857 | C193: =$B$188*B193 -> 0.19123857 | D193: {=MATCH(MIN(ABS(ServerTypeA!$A$106:$A$165-$C193)),ABS(ServerTypeA!$A$106:$A$165-$C193),0)} -> 2 | E193: {=INDEX(ServerTypeA!$A$106:$A$165,MATCH(MIN(ABS(ServerTypeA!$A$106:$A$165-$C193)),ABS(ServerTypeA!$A$106:$A$165-$C193),0))} -> 0.2 | F193: =OFFSET($B$106,$D193-1,F$221,1,1) -> 0 | G193: =OFFSET($B$106,$D193-1,G$221,1,1) -> 0.16263646 | H193: =OFFSET($B$106,$D193-1,H$221,1,1) -> 0.44689178 | I193: =OFFSET($B$106,$D193-1,I$221,1,1) -> 0.25672841 | J193: =OFFSET($B$106,$D193-1,J$221,1,1) -> 0.080778867 | K193: =OFFSET($B$106,$D193-1,K$221,1,1) -> 0.036441263 | L193: =OFFSET($B$106,$D193-1,L$221,1,1) -> 0.011196276 | M193: =OFFSET($B$106,$D193-1,M$221,1,1) -> 0.0034949134 | ... Z193: =OFFSET($B$106,$D193-1,Z$221,1,1) -> 5.0177817e-08 | AA193: =SUMPRODUCT(F193:Z193,FailureForCPU!E$17:Y$17) -> 2.0660951e-07 | AB193: =AA193*C193 -> 3.9511706e-08 | AC193: =C193-AB193 -> 0.19123853 | AD193: =SUM(F193:Z193) -> 0.99989072
A194: 3 | B194: =B6 -> 0.17781026 | C194: =$B$188*B194 -> 0.17781026 | D194: {=MATCH(MIN(ABS(ServerTypeA!$A$106:$A$165-$C194)),ABS(ServerTypeA!$A$106:$A$165-$C194),0)} -> 2 | E194: {=INDEX(ServerTypeA!$A$106:$A$165,MATCH(MIN(ABS(ServerTypeA!$A$106:$A$165-$C194)),ABS(ServerTypeA!$A$106:$A$165-$C194),0))} -> 0.2 | F194: =OFFSET($B$106,$D194-1,F$221,1,1) -> 0 | G194: =OFFSET($B$106,$D194-1,G$221,1,1) -> 0.16263646 | H194: =OFFSET($B$106,$D194-1,H$221,1,1) -> 0.44689178 | I194: =OFFSET($B$106,$D194-1,I$221,1,1) -> 0.25672841 | J194: =OFFSET($B$106,$D194-1,J$221,1,1) -> 0.080778867 | K194: =OFFSET($B$106,$D194-1,K$221,1,1) -> 0.036441263 | L194: =OFFSET($B$106,$D194-1,L$221,1,1) -> 0.011196276 | M194: =OFFSET($B$106,$D194-1,M$221,1,1) -> 0.0034949134 | ... Z194: =OFFSET($B$106,$D194-1,Z$221,1,1) -> 5.0177817e-08 | AA194: =SUMPRODUCT(F194:Z194,FailureForCPU!E$17:Y$17) -> 2.0660951e-07 | AB194: =AA194*C194 -> 3.6737289e-08 | AC194: =C194-AB194 -> 0.17781022 | AD194: =SUM(F194:Z194) -> 0.99989072
A195: 4 | B195: =B7 -> 0.35924234 | C195: =$B$188*B195 -> 0.35924234 | D195: {=MATCH(MIN(ABS(ServerTypeA!$A$106:$A$165-$C195)),ABS(ServerTypeA!$A$106:$A$165-$C195),0)} -> 4 | E195: {=INDEX(ServerTypeA!$A$106:$A$165,MATCH(MIN(ABS(ServerTypeA!$A$106:$A$165-$C195)),ABS(ServerTypeA!$A$106:$A$165-$C195),0))} -> 0.4 | F195: =OFFSET($B$106,$D195-1,F$221,1,1) -> 0 | G195: =OFFSET($B$106,$D195-1,G$221,1,1) -> 0.048173495 | H195: =OFFSET($B$106,$D195-1,H$221,1,1) -> 0.38674242 | I195: =OFFSET($B$106,$D195-1,I$221,1,1) -> 0.35996128 | J195: =OFFSET($B$106,$D195-1,J$221,1,1) -> 0.12840573 | K195: =OFFSET($B$106,$D195-1,K$221,1,1) -> 0.05609423 | L195: =OFFSET($B$106,$D195-1,L$221,1,1) -> 0.015209034 | M195: =OFFSET($B$106,$D195-1,M$221,1,1) -> 0.0039746438 | ... Z195: =OFFSET($B$106,$D195-1,Z$221,1,1) -> 2.7148532e-09 | AA195: =SUMPRODUCT(F195:Z195,FailureForCPU!E$17:Y$17) -> 4.1768346e-08 | AB195: =AA195*C195 -> 1.5004958e-08 | AC195: =C195-AB195 -> 0.35924232 | AD195: =SUM(F195:Z195) -> 0.99999949
A196: 5 | B196: =B8 -> 0.95434751 | C196: =$B$188*B196 -> 0.95434751 | D196: {=MATCH(MIN(ABS(ServerTypeA!$A$106:$A$165-$C196)),ABS(ServerTypeA!$A$106:$A$165-$C196),0)} -> 10 | E196: {=INDEX(ServerTypeA!$A$106:$A$165,MATCH(MIN(ABS(ServerTypeA!$A$106:$A$165-$C196)),ABS(ServerTypeA!$A$106:$A$165-$C196),0))} -> 1 | F196: =OFFSET($B$106,$D196-1,F$221,1,1) -> 0 | G196: =OFFSET($B$106,$D196-1,G$221,1,1) -> 6.3362385e-05 | H196: =OFFSET($B$106,$D196-1,H$221,1,1) -> 0.032995538 | I196: =OFFSET($B$106,$D196-1,I$221,1,1) -> 0.26726257 | J196: =OFFSET($B$106,$D196-1,J$221,1,1) -> 0.3101366 | K196: =OFFSET($B$106,$D196-1,K$221,1,1) -> 0.25325528 | L196: =OFFSET($B$106,$D196-1,L$221,1,1) -> 0.098107797 | M196: =OFFSET($B$106,$D196-1,M$221,1,1) -> 0.028732042 | ... Z196: =OFFSET($B$106,$D196-1,Z$221,1,1) -> 4.0024295e-10 | AA196: =SUMPRODUCT(F196:Z196,FailureForCPU!E$17:Y$17) -> 6.3473938e-08 | AB196: =AA196*C196 -> 6.0576194e-08 | AC196: =C196-AB196 -> 0.95434745 | AD196: =SUM(F196:Z196) -> 1
A197: 6 | B197: =B9 -> 1.3952391 | C197: =$B$188*B197 -> 1.3952391 | D197: {=MATCH(MIN(ABS(ServerTypeA!$A$106:$A$165-$C197)),ABS(ServerTypeA!$A$106:$A$165-$C197),0)} -> 14 | E197: {=INDEX(ServerTypeA!$A$106:$A$165,MATCH(MIN(ABS(ServerTypeA!$A$106:$A$165-$C197)),ABS(ServerTypeA!$A$106:$A$165-$C197),0))} -> 1.4 | F197: =OFFSET($B$106,$D197-1,F$221,1,1) -> 0 | G197: =OFFSET($B$106,$D197-1,G$221,1,1) -> 5.7047204e-08 | H197: =OFFSET($B$106,$D197-1,H$221,1,1) -> 0.0012164948 | I197: =OFFSET($B$106,$D197-1,I$221,1,1) -> 0.06110718 | J197: =OFFSET($B$106,$D197-1,J$221,1,1) -> 0.20519987 | K197: =OFFSET($B$106,$D197-1,K$221,1,1) -> 0.35393725 | L197: =OFFSET($B$106,$D197-1,L$221,1,1) -> 0.23797617 | M197: =OFFSET($B$106,$D197-1,M$221,1,1) -> 0.098998387 | ... Z197: =OFFSET($B$106,$D197-1,Z$221,1,1) -> 7.0021167e-10 | AA197: =SUMPRODUCT(F197:Z197,FailureForCPU!E$17:Y$17) -> 2.6914387e-07 | AB197: =AA197*C197 -> 3.7552006e-07 | AC197: =C197-AB197 -> 1.3952387 | AD197: =SUM(F197:Z197) -> 1
A198: 7 | B198: =B10 -> 1.6468302 | C198: =$B$188*B198 -> 1.6468302 | D198: {=MATCH(MIN(ABS(ServerTypeA!$A$106:$A$165-$C198)),ABS(ServerTypeA!$A$106:$A$165-$C198),0)} -> 16 | E198: {=INDEX(ServerTypeA!$A$106:$A$165,MATCH(MIN(ABS(ServerTypeA!$A$106:$A$165-$C198)),ABS(ServerTypeA!$A$106:$A$165-$C198),0))} -> 1.6 | F198: =OFFSET($B$106,$D198-1,F$221,1,1) -> 0 | G198: =OFFSET($B$106,$D198-1,G$221,1,1) -> 8.135081e-10 | H198: =OFFSET($B$106,$D198-1,H$221,1,1) -> 0.00014275121 | I198: =OFFSET($B$106,$D198-1,I$221,1,1) -> 0.020274572 | J198: =OFFSET($B$106,$D198-1,J$221,1,1) -> 0.12036932 | K198: =OFFSET($B$106,$D198-1,K$221,1,1) -> 0.32211052 | L198: =OFFSET($B$106,$D198-1,L$221,1,1) -> 0.30133621 | M198: =OFFSET($B$106,$D198-1,M$221,1,1) -> 0.15694802 | ... Z198: =OFFSET($B$106,$D198-1,Z$221,1,1) -> 1.0697941e-09 | AA198: =SUMPRODUCT(F198:Z198,FailureForCPU!E$17:Y$17) -> 5.789115e-07 | AB198: =AA198*C198 -> 9.5336897e-07 | AC198: =C198-AB198 -> 1.6468293 | AD198: =SUM(F198:Z198) -> 1
A199: 8 | B199: =B11 -> 1.8977111 | C199: =$B$188*B199 -> 1.8977111 | D199: {=MATCH(MIN(ABS(ServerTypeA!$A$106:$A$165-$C199)),ABS(ServerTypeA!$A$106:$A$165-$C199),0)} -> 19 | E199: {=INDEX(ServerTypeA!$A$106:$A$165,MATCH(MIN(ABS(ServerTypeA!$A$106:$A$165-$C199)),ABS(ServerTypeA!$A$106:$A$165-$C199),0))} -> 1.9 | F199: =OFFSET($B$106,$D199-1,F$221,1,1) -> 0 | G199: =OFFSET($B$106,$D199-1,G$221,1,1) -> 5.7158461e-13 | H199: =OFFSET($B$106,$D199-1,H$221,1,1) -> 3.1701372e-06 | I199: =OFFSET($B$106,$D199-1,I$221,1,1) -> 0.0025214304 | J199: =OFFSET($B$106,$D199-1,J$221,1,1) -> 0.036917439 | K199: =OFFSET($B$106,$D199-1,K$221,1,1) -> 0.20438495 | L199: =OFFSET($B$106,$D199-1,L$221,1,1) -> 0.32947829 | M199: =OFFSET($B$106,$D199-1,M$221,1,1) -> 0.25151339 | ... Z199: =OFFSET($B$106,$D199-1,Z$221,1,1) -> 2.0849001e-09 | AA199: =SUMPRODUCT(F199:Z199,FailureForCPU!E$17:Y$17) -> 1.7488299e-06 | AB199: =AA199*C199 -> 3.318774e-06 | AC199: =C199-AB199 -> 1.8977078 | AD199: =SUM(F199:Z199) -> 1
A200: 9 | B200: =B12 -> 2.1127481 | C200: =$B$188*B200 -> 2.1127481 | D200: {=MATCH(MIN(ABS(ServerTypeA!$A$106:$A$165-$C200)),ABS(ServerTypeA!$A$106:$A$165-$C200),0)} -> 21 | E200: {=INDEX(ServerTypeA!$A$106:$A$165,MATCH(MIN(ABS(ServerTypeA!$A$106:$A$165-$C200)),ABS(ServerTypeA!$A$106:$A$165-$C200),0))} -> 2.1 | F200: =OFFSET($B$106,$D200-1,F$221,1,1) -> 0 | G200: =OFFSET($B$106,$D200-1,G$221,1,1) -> 2.5357923e-15 | H200: =OFFSET($B$106,$D200-1,H$221,1,1) -> 1.7029734e-07 | I200: =OFFSET($B$106,$D200-1,I$221,1,1) -> 0.00047617402 | J200: =OFFSET($B$106,$D200-1,J$221,1,1) -> 0.013224087 | K200: =OFFSET($B$106,$D200-1,K$221,1,1) -> 0.12413549 | L200: =OFFSET($B$106,$D200-1,L$221,1,1) -> 0.29551689 | M200: =OFFSET($B$106,$D200-1,M$221,1,1) -> 0.29844063 | ... Z200: =OFFSET($B$106,$D200-1,Z$221,1,1) -> 3.2021186e-09 | AA200: =SUMPRODUCT(F200:Z200,FailureForCPU!E$17:Y$17) -> 3.4805579e-06 | AB200: =AA200*C200 -> 7.353542e-06 | AC200: =C200-AB200 -> 2.1127407 | AD200: =SUM(F200:Z200) -> 1
A201: 10 | B201: =B13 -> 2.2471278 | C201: =$B$188*B201 -> 2.2471278 | D201: {=MATCH(MIN(ABS(ServerTypeA!$A$106:$A$165-$C201)),ABS(ServerTypeA!$A$106:$A$165-$C201),0)} -> 22 | E201: {=INDEX(ServerTypeA!$A$106:$A$165,MATCH(MIN(ABS(ServerTypeA!$A$106:$A$165-$C201)),ABS(ServerTypeA!$A$106:$A$165-$C201),0))} -> 2.2 | F201: =OFFSET($B$106,$D201-1,F$221,1,1) -> 0 | G201: =OFFSET($B$106,$D201-1,G$221,1,1) -> 1.4197865e-16 | H201: =OFFSET($B$106,$D201-1,H$221,1,1) -> 3.5178484e-08 | I201: =OFFSET($B$106,$D201-1,I$221,1,1) -> 0.0001905911 | J201: =OFFSET($B$106,$D201-1,J$221,1,1) -> 0.0073891799 | K201: =OFFSET($B$106,$D201-1,K$221,1,1) -> 0.09152627 | L201: =OFFSET($B$106,$D201-1,L$221,1,1) -> 0.26679036 | M201: =OFFSET($B$106,$D201-1,M$221,1,1) -> 0.31199858 | ... Z201: =OFFSET($B$106,$D201-1,Z$221,1,1) -> 3.9327055e-09 | AA201: =SUMPRODUCT(F201:Z201,FailureForCPU!E$17:Y$17) -> 4.8314492e-06 | AB201: =AA201*C201 -> 1.0856884e-05 | AC201: =C201-AB201 -> 2.2471169 | AD201: =SUM(F201:Z201) -> 1
A202: 11 | B202: =B14 -> 2.3458745 | C202: =$B$188*B202 -> 2.3458745 | D202: {=MATCH(MIN(ABS(ServerTypeA!$A$106:$A$165-$C202)),ABS(ServerTypeA!$A$106:$A$165-$C202),0)} -> 23 | E202: {=INDEX(ServerTypeA!$A$106:$A$165,MATCH(MIN(ABS(ServerTypeA!$A$106:$A$165-$C202)),ABS(ServerTypeA!$A$106:$A$165-$C202),0))} -> 2.3 | F202: =OFFSET($B$106,$D202-1,F$221,1,1) -> 0 | G202: =OFFSET($B$106,$D202-1,G$221,1,1) -> 7.0657295e-18 | H202: =OFFSET($B$106,$D202-1,H$221,1,1) -> 6.7238726e-09 | I202: =OFFSET($B$106,$D202-1,I$221,1,1) -> 7.2182403e-05 | J202: =OFFSET($B$106,$D202-1,J$221,1,1) -> 0.0039460357 | K202: =OFFSET($B$106,$D202-1,K$221,1,1) -> 0.065095373 | L202: =OFFSET($B$106,$D202-1,L$221,1,1) -> 0.23352596 | M202: =OFFSET($B$106,$D202-1,M$221,1,1) -> 0.31764126 | ... Z202: =OFFSET($B$106,$D202-1,Z$221,1,1) -> 4.7994092e-09 | AA202: =SUMPRODUCT(F202:Z202,FailureForCPU!E$17:Y$17) -> 6.6368706e-06 | AB202: =AA202*C202 -> 1.5569265e-05 | AC202: =C202-AB202 -> 2.3458589 | AD202: =SUM(F202:Z202) -> 1
... A214: 23 | B214: =B26 -> 1.0004341 | C214: =$B$188*B214 -> 1.0004341 | D214: {=MATCH(MIN(ABS(ServerTypeA!$A$106:$A$165-$C214)),ABS(ServerTypeA!$A$106:$A$165-$C214),0)} -> 10 | E214: {=INDEX(ServerTypeA!$A$106:$A$165,MATCH(MIN(ABS(ServerTypeA!$A$106:$A$165-$C214)),ABS(ServerTypeA!$A$106:$A$165-$C214),0))} -> 1 | F214: =OFFSET($B$106,$D214-1,F$221,1,1) -> 0 | G214: =OFFSET($B$106,$D214-1,G$221,1,1) -> 6.3362385e-05 | H214: =OFFSET($B$106,$D214-1,H$221,1,1) -> 0.032995538 | I214: =OFFSET($B$106,$D214-1,I$221,1,1) -> 0.26726257 | J214: =OFFSET($B$106,$D214-1,J$221,1,1) -> 0.3101366 | K214: =OFFSET($B$106,$D214-1,K$221,1,1) -> 0.25325528 | L214: =OFFSET($B$106,$D214-1,L$221,1,1) -> 0.098107797 | M214: =OFFSET($B$106,$D214-1,M$221,1,1) -> 0.028732042 | ... Z214: =OFFSET($B$106,$D214-1,Z$221,1,1) -> 4.0024295e-10 | AA214: =SUMPRODUCT(F214:Z214,FailureForCPU!E$17:Y$17) -> 6.3473938e-08 | AB214: =AA214*C214 -> 6.350149e-08 | AC214: =C214-AB214 -> 1.000434 | AD214: =SUM(F214:Z214) -> 1
A216: Total | B216: =SUM(B191:B214) -> 48.744819 | C216: =SUM(C191:C214) -> 48.744819 | AB216: =SUM(AB191:AB214) -> 0.027680535 | AC216: =SUM(AC191:AC214) -> 48.717139
A217: Success Rate | B217: =AC216/C216 -> 0.99943213
A219: Projected Q1
A220: Growth Factor | B220: =QResults!C11/QResults!B11 -> 1.05
E221: Offset: | F221: 0 | G221: 1 | H221: 2 | I221: 3 | J221: 4 | K221: 5 | L221: 6 | M221: 7 | N221: 8 | O221: 9 | P221: 10 | Q221: 11 | R221: 12 | S221: 13 | T221: 14 | U221: 15 | V221: 16 | W221: 17 | X221: 18 | Y221: 19 | Z221: 20
A222: Hour of Day | B222: Current EPH | C222: Projected EPH | D222: Position of Closest EPH Value | E222: Closest Predicted EPH Value | F222: 0 | G222: 5 | H222: 10 | I222: 15 | J222: 20 | K222: 25 | L222: 30 | M222: 35 | N222: 40 | O222: 45 | P222: 50 | Q222: 55 | R222: 60 | S222: 65 | T222: 70 | U222: 75 | V222: 80 | W222: 85 | X222: 90 | Y222: 95 | Z222: 100 | AA222: Failure Probability | AB222: Expected Failures | AC222: Expected Success | AD222: Validate
A223: 0 | B223: =B191 -> 0.54705915 | C223: =$B$220*B223 -> 0.57441211 | D223: {=MATCH(MIN(ABS(ServerTypeA!$A$106:$A$165-$C223)),ABS(ServerTypeA!$A$106:$A$165-$C223),0)} -> 6 | E223: {=INDEX(ServerTypeA!$A$106:$A$165,MATCH(MIN(ABS(ServerTypeA!$A$106:$A$165-$C223)),ABS(ServerTypeA!$A$106:$A$165-$C223),0))} -> 0.6 | F223: =OFFSET($B$106,$D223-1,F$221,1,1) -> 0 | G223: =OFFSET($B$106,$D223-1,G$221,1,1) -> 0.0088501101 | H223: =OFFSET($B$106,$D223-1,H$221,1,1) -> 0.23702525 | I223: =OFFSET($B$106,$D223-1,I$221,1,1) -> 0.4175739 | J223: =OFFSET($B$106,$D223-1,J$221,1,1) -> 0.20102281 | K223: =OFFSET($B$106,$D223-1,K$221,1,1) -> 0.098805433 | L223: =OFFSET($B$106,$D223-1,L$221,1,1) -> 0.027583944 | M223: =OFFSET($B$106,$D223-1,M$221,1,1) -> 0.0069229815 | ... Z223: =OFFSET($B$106,$D223-1,Z$221,1,1) -> 7.1807871e-10 | AA223: =SUMPRODUCT(F223:Z223,FailureForCPU!E$17:Y$17) -> 2.9442263e-08 | AB223: =AA223*C223 -> 1.6911993e-08 | AC223: =C223-AB223 -> 0.57441209 | AD223: =SUM(F223:Z223) -> 1
A224: 1 | B224: =B192 -> 0.30210809 | C224: =$B$220*B224 -> 0.3172135 | D224: {=MATCH(MIN(ABS(ServerTypeA!$A$106:$A$165-$C224)),ABS(ServerTypeA!$A$106:$A$165-$C224),0)} -> 3 | E224: {=INDEX(ServerTypeA!$A$106:$A$165,MATCH(MIN(ABS(ServerTypeA!$A$106:$A$165-$C224)),ABS(ServerTypeA!$A$106:$A$165-$C224),0))} -> 0.3 | F224: =OFFSET($B$106,$D224-1,F$221,1,1) -> 0 | G224: =OFFSET($B$106,$D224-1,G$221,1,1) -> 0.093645685 | H224: =OFFSET($B$106,$D224-1,H$221,1,1) -> 0.43496774 | I224: =OFFSET($B$106,$D224-1,I$221,1,1) -> 0.30971202 | J224: =OFFSET($B$106,$D224-1,J$221,1,1) -> 0.10084688 | K224: =OFFSET($B$106,$D224-1,K$221,1,1) -> 0.043691558 | L224: =OFFSET($B$106,$D224-1,L$221,1,1) -> 0.012294147 | M224: =OFFSET($B$106,$D224-1,M$221,1,1) -> 0.0034319914 | ... Z224: =OFFSET($B$106,$D224-1,Z$221,1,1) -> 8.7650239e-09 | AA224: =SUMPRODUCT(F224:Z224,FailureForCPU!E$17:Y$17) -> 7.348325e-08 | AB224: =AA224*C224 -> 2.3309879e-08 | AC224: =C224-AB224 -> 0.31721347 | AD224: =SUM(F224:Z224) -> 0.99999179
A225: 2 | B225: =B193 -> 0.19123857 | C225: =$B$220*B225 -> 0.2008005 | D225: {=MATCH(MIN(ABS(ServerTypeA!$A$106:$A$165-$C225)),ABS(ServerTypeA!$A$106:$A$165-$C225),0)} -> 2 | E225: {=INDEX(ServerTypeA!$A$106:$A$165,MATCH(MIN(ABS(ServerTypeA!$A$106:$A$165-$C225)),ABS(ServerTypeA!$A$106:$A$165-$C225),0))} -> 0.2 | F225: =OFFSET($B$106,$D225-1,F$221,1,1) -> 0 | G225: =OFFSET($B$106,$D225-1,G$221,1,1) -> 0.16263646 | H225: =OFFSET($B$106,$D225-1,H$221,1,1) -> 0.44689178 | I225: =OFFSET($B$106,$D225-1,I$221,1,1) -> 0.25672841 | J225: =OFFSET($B$106,$D225-1,J$221,1,1) -> 0.080778867 | K225: =OFFSET($B$106,$D225-1,K$221,1,1) -> 0.036441263 | L225: =OFFSET($B$106,$D225-1,L$221,1,1) -> 0.011196276 | M225: =OFFSET($B$106,$D225-1,M$221,1,1) -> 0.0034949134 | ... Z225: =OFFSET($B$106,$D225-1,Z$221,1,1) -> 5.0177817e-08 | AA225: =SUMPRODUCT(F225:Z225,FailureForCPU!E$17:Y$17) -> 2.0660951e-07 | AB225: =AA225*C225 -> 4.1487291e-08 | AC225: =C225-AB225 -> 0.20080046 | AD225: =SUM(F225:Z225) -> 0.99989072
A226: 3 | B226: =B194 -> 0.17781026 | C226: =$B$220*B226 -> 0.18670077 | D226: {=MATCH(MIN(ABS(ServerTypeA!$A$106:$A$165-$C226)),ABS(ServerTypeA!$A$106:$A$165-$C226),0)} -> 2 | E226: {=INDEX(ServerTypeA!$A$106:$A$165,MATCH(MIN(ABS(ServerTypeA!$A$106:$A$165-$C226)),ABS(ServerTypeA!$A$106:$A$165-$C226),0))} -> 0.2 | F226: =OFFSET($B$106,$D226-1,F$221,1,1) -> 0 | G226: =OFFSET($B$106,$D226-1,G$221,1,1) -> 0.16263646 | H226: =OFFSET($B$106,$D226-1,H$221,1,1) -> 0.44689178 | I226: =OFFSET($B$106,$D226-1,I$221,1,1) -> 0.25672841 | J226: =OFFSET($B$106,$D226-1,J$221,1,1) -> 0.080778867 | K226: =OFFSET($B$106,$D226-1,K$221,1,1) -> 0.036441263 | L226: =OFFSET($B$106,$D226-1,L$221,1,1) -> 0.011196276 | M226: =OFFSET($B$106,$D226-1,M$221,1,1) -> 0.0034949134 | ... Z226: =OFFSET($B$106,$D226-1,Z$221,1,1) -> 5.0177817e-08 | AA226: =SUMPRODUCT(F226:Z226,FailureForCPU!E$17:Y$17) -> 2.0660951e-07 | AB226: =AA226*C226 -> 3.8574153e-08 | AC226: =C226-AB226 -> 0.18670073 | AD226: =SUM(F226:Z226) -> 0.99989072
A227: 4 | B227: =B195 -> 0.35924234 | C227: =$B$220*B227 -> 0.37720446 | D227: {=MATCH(MIN(ABS(ServerTypeA!$A$106:$A$165-$C227)),ABS(ServerTypeA!$A$106:$A$165-$C227),0)} -> 4 | E227: {=INDEX(ServerTypeA!$A$106:$A$165,MATCH(MIN(ABS(ServerTypeA!$A$106:$A$165-$C227)),ABS(ServerTypeA!$A$106:$A$165-$C227),0))} -> 0.4 | F227: =OFFSET($B$106,$D227-1,F$221,1,1) -> 0 | G227: =OFFSET($B$106,$D227-1,G$221,1,1) -> 0.048173495 | H227: =OFFSET($B$106,$D227-1,H$221,1,1) -> 0.38674242 | I227: =OFFSET($B$106,$D227-1,I$221,1,1) -> 0.35996128 | J227: =OFFSET($B$106,$D227-1,J$221,1,1) -> 0.12840573 | K227: =OFFSET($B$106,$D227-1,K$221,1,1) -> 0.05609423 | L227: =OFFSET($B$106,$D227-1,L$221,1,1) -> 0.015209034 | M227: =OFFSET($B$106,$D227-1,M$221,1,1) -> 0.0039746438 | ... Z227: =OFFSET($B$106,$D227-1,Z$221,1,1) -> 2.7148532e-09 | AA227: =SUMPRODUCT(F227:Z227,FailureForCPU!E$17:Y$17) -> 4.1768346e-08 | AB227: =AA227*C227 -> 1.5755206e-08 | AC227: =C227-AB227 -> 0.37720444 | AD227: =SUM(F227:Z227) -> 0.99999949
A228: 5 | B228: =B196 -> 0.95434751 | C228: =$B$220*B228 -> 1.0020649 | D228: {=MATCH(MIN(ABS(ServerTypeA!$A$106:$A$165-$C228)),ABS(ServerTypeA!$A$106:$A$165-$C228),0)} -> 10 | E228: {=INDEX(ServerTypeA!$A$106:$A$165,MATCH(MIN(ABS(ServerTypeA!$A$106:$A$165-$C228)),ABS(ServerTypeA!$A$106:$A$165-$C228),0))} -> 1 | F228: =OFFSET($B$106,$D228-1,F$221,1,1) -> 0 | G228: =OFFSET($B$106,$D228-1,G$221,1,1) -> 6.3362385e-05 | H228: =OFFSET($B$106,$D228-1,H$221,1,1) -> 0.032995538 | I228: =OFFSET($B$106,$D228-1,I$221,1,1) -> 0.26726257 | J228: =OFFSET($B$106,$D228-1,J$221,1,1) -> 0.3101366 | K228: =OFFSET($B$106,$D228-1,K$221,1,1) -> 0.25325528 | L228: =OFFSET($B$106,$D228-1,L$221,1,1) -> 0.098107797 | M228: =OFFSET($B$106,$D228-1,M$221,1,1) -> 0.028732042 | ... Z228: =OFFSET($B$106,$D228-1,Z$221,1,1) -> 4.0024295e-10 | AA228: =SUMPRODUCT(F228:Z228,FailureForCPU!E$17:Y$17) -> 6.3473938e-08 | AB228: =AA228*C228 -> 6.3605004e-08 | AC228: =C228-AB228 -> 1.0020648 | AD228: =SUM(F228:Z228) -> 1
A229: 6 | B229: =B197 -> 1.3952391 | C229: =$B$220*B229 -> 1.4650011 | D229: {=MATCH(MIN(ABS(ServerTypeA!$A$106:$A$165-$C229)),ABS(ServerTypeA!$A$106:$A$165-$C229),0)} -> 15 | E229: {=INDEX(ServerTypeA!$A$106:$A$165,MATCH(MIN(ABS(ServerTypeA!$A$106:$A$165-$C229)),ABS(ServerTypeA!$A$106:$A$165-$C229),0))} -> 1.5 | F229: =OFFSET($B$106,$D229-1,F$221,1,1) -> 0 | G229: =OFFSET($B$106,$D229-1,G$221,1,1) -> 7.235047e-09 | H229: =OFFSET($B$106,$D229-1,H$221,1,1) -> 0.00043385158 | I229: =OFFSET($B$106,$D229-1,I$221,1,1) -> 0.036247235 | J229: =OFFSET($B$106,$D229-1,J$221,1,1) -> 0.16136806 | K229: =OFFSET($B$106,$D229-1,K$221,1,1) -> 0.34502262 | L229: =OFFSET($B$106,$D229-1,L$221,1,1) -> 0.27262559 | M229: =OFFSET($B$106,$D229-1,M$221,1,1) -> 0.1264703 | ... Z229: =OFFSET($B$106,$D229-1,Z$221,1,1) -> 8.6097118e-10 | AA229: =SUMPRODUCT(F229:Z229,FailureForCPU!E$17:Y$17) -> 3.951153e-07 | AB229: =AA229*C229 -> 5.7884433e-07 | AC229: =C229-AB229 -> 1.4650005 | AD229: =SUM(F229:Z229) -> 1
A230: 7 | B230: =B198 -> 1.6468302 | C230: =$B$220*B230 -> 1.7291718 | D230: {=MATCH(MIN(ABS(ServerTypeA!$A$106:$A$165-$C230)),ABS(ServerTypeA!$A$106:$A$165-$C230),0)} -> 17 | E230: {=INDEX(ServerTypeA!$A$106:$A$165,MATCH(MIN(ABS(ServerTypeA!$A$106:$A$165-$C230)),ABS(ServerTypeA!$A$106:$A$165-$C230),0))} -> 1.7 | F230: =OFFSET($B$106,$D230-1,F$221,1,1) -> 0 | G230: =OFFSET($B$106,$D230-1,G$221,1,1) -> 8.1253199e-11 | H230: =OFFSET($B$106,$D230-1,H$221,1,1) -> 4.338263e-05 | I230: =OFFSET($B$106,$D230-1,I$221,1,1) -> 0.010705987 | J230: =OFFSET($B$106,$D230-1,J$221,1,1) -> 0.0852894 | K230: =OFFSET($B$106,$D230-1,K$221,1,1) -> 0.28828197 | L230: =OFFSET($B$106,$D230-1,L$221,1,1) -> 0.32142633 | M230: =OFFSET($B$106,$D230-1,M$221,1,1) -> 0.18912407 | ... Z230: =OFFSET($B$106,$D230-1,Z$221,1,1) -> 1.3361776e-09 | AA230: =SUMPRODUCT(F230:Z230,FailureForCPU!E$17:Y$17) -> 8.4375322e-07 | AB230: =AA230*C230 -> 1.4589942e-06 | AC230: =C230-AB230 -> 1.7291703 | AD230: =SUM(F230:Z230) -> 1
A231: 8 | B231: =B199 -> 1.8977111 | C231: =$B$220*B231 -> 1.9925967 | D231: {=MATCH(MIN(ABS(ServerTypeA!$A$106:$A$165-$C231)),ABS(ServerTypeA!$A$106:$A$165-$C231),0)} -> 20 | E231: {=INDEX(ServerTypeA!$A$106:$A$165,MATCH(MIN(ABS(ServerTypeA!$A$106:$A$165-$C231)),ABS(ServerTypeA!$A$106:$A$165-$C231),0))} -> 2 | F231: =OFFSET($B$106,$D231-1,F$221,1,1) -> 0 | G231: =OFFSET($B$106,$D231-1,G$221,1,1) -> 4.0327852e-14 | H231: =OFFSET($B$106,$D231-1,H$221,1,1) -> 7.6343649e-07 | I231: =OFFSET($B$106,$D231-1,I$221,1,1) -> 0.0011261859 | J231: =OFFSET($B$106,$D231-1,J$221,1,1) -> 0.022612202 | K231: =OFFSET($B$106,$D231-1,K$221,1,1) -> 0.16230317 | L231: =OFFSET($B$106,$D231-1,L$221,1,1) -> 0.31714492 | M231: =OFFSET($B$106,$D231-1,M$221,1,1) -> 0.2778192 | ... Z231: =OFFSET($B$106,$D231-1,Z$221,1,1) -> 2.590991e-09 | AA231: =SUMPRODUCT(F231:Z231,FailureForCPU!E$17:Y$17) -> 2.4804687e-06 | AB231: =AA231*C231 -> 4.9425737e-06 | AC231: =C231-AB231 -> 1.9925918 | AD231: =SUM(F231:Z231) -> 1
A232: 9 | B232: =B200 -> 2.1127481 | C232: =$B$220*B232 -> 2.2183855 | D232: {=MATCH(MIN(ABS(ServerTypeA!$A$106:$A$165-$C232)),ABS(ServerTypeA!$A$106:$A$165-$C232),0)} -> 22 | E232: {=INDEX(ServerTypeA!$A$106:$A$165,MATCH(MIN(ABS(ServerTypeA!$A$106:$A$165-$C232)),ABS(ServerTypeA!$A$106:$A$165-$C232),0))} -> 2.2 | F232: =OFFSET($B$106,$D232-1,F$221,1,1) -> 0 | G232: =OFFSET($B$106,$D232-1,G$221,1,1) -> 1.4197865e-16 | H232: =OFFSET($B$106,$D232-1,H$221,1,1) -> 3.5178484e-08 | I232: =OFFSET($B$106,$D232-1,I$221,1,1) -> 0.0001905911 | J232: =OFFSET($B$106,$D232-1,J$221,1,1) -> 0.0073891799 | K232: =OFFSET($B$106,$D232-1,K$221,1,1) -> 0.09152627 | L232: =OFFSET($B$106,$D232-1,L$221,1,1) -> 0.26679036 | M232: =OFFSET($B$106,$D232-1,M$221,1,1) -> 0.31199858 | ... Z232: =OFFSET($B$106,$D232-1,Z$221,1,1) -> 3.9327055e-09 | AA232: =SUMPRODUCT(F232:Z232,FailureForCPU!E$17:Y$17) -> 4.8314492e-06 | AB232: =AA232*C232 -> 1.0718017e-05 | AC232: =C232-AB232 -> 2.2183747 | AD232: =SUM(F232:Z232) -> 1
A233: 10 | B233: =B201 -> 2.2471278 | C233: =$B$220*B233 -> 2.3594842 | D233: {=MATCH(MIN(ABS(ServerTypeA!$A$106:$A$165-$C233)),ABS(ServerTypeA!$A$106:$A$165-$C233),0)} -> 24 | E233: {=INDEX(ServerTypeA!$A$106:$A$165,MATCH(MIN(ABS(ServerTypeA!$A$106:$A$165-$C233)),ABS(ServerTypeA!$A$106:$A$165-$C233),0))} -> 2.4 | F233: =OFFSET($B$106,$D233-1,F$221,1,1) -> 0 | G233: =OFFSET($B$106,$D233-1,G$221,1,1) -> 3.1167222e-19 | H233: =OFFSET($B$106,$D233-1,H$221,1,1) -> 1.1873418e-09 | I233: =OFFSET($B$106,$D233-1,I$221,1,1) -> 2.5843526e-05 | J233: =OFFSET($B$106,$D233-1,J$221,1,1) -> 0.0020136703 | K233: =OFFSET($B$106,$D233-1,K$221,1,1) -> 0.044672201 | L233: =OFFSET($B$106,$D233-1,L$221,1,1) -> 0.1982925 | M233: =OFFSET($B$106,$D233-1,M$221,1,1) -> 0.31510797 | ... Z233: =OFFSET($B$106,$D233-1,Z$221,1,1) -> 5.8227693e-09 | AA233: =SUMPRODUCT(F233:Z233,FailureForCPU!E$17:Y$17) -> 9.027836e-06 | AB233: =AA233*C233 -> 2.1301036e-05 | AC233: =C233-AB233 -> 2.3594629 | AD233: =SUM(F233:Z233) -> 1
A234: 11 | B234: =B202 -> 2.3458745 | C234: =$B$220*B234 -> 2.4631682 | D234: {=MATCH(MIN(ABS(ServerTypeA!$A$106:$A$165-$C234)),ABS(ServerTypeA!$A$106:$A$165-$C234),0)} -> 25 | E234: {=INDEX(ServerTypeA!$A$106:$A$165,MATCH(MIN(ABS(ServerTypeA!$A$106:$A$165-$C234)),ABS(ServerTypeA!$A$106:$A$165-$C234),0))} -> 2.5 | F234: =OFFSET($B$106,$D234-1,F$221,1,1) -> 0 | G234: =OFFSET($B$106,$D234-1,G$221,1,1) -> 1.2137761e-20 | H234: =OFFSET($B$106,$D234-1,H$221,1,1) -> 1.9326202e-10 | I234: =OFFSET($B$106,$D234-1,I$221,1,1) -> 8.7341173e-06 | J234: =OFFSET($B$106,$D234-1,J$221,1,1) -> 0.00098125282 | K234: =OFFSET($B$106,$D234-1,K$221,1,1) -> 0.0295776 | L234: =OFFSET($B$106,$D234-1,L$221,1,1) -> 0.16338041 | M234: =OFFSET($B$106,$D234-1,M$221,1,1) -> 0.30471965 | ... Z234: =OFFSET($B$106,$D234-1,Z$221,1,1) -> 7.0298044e-09 | AA234: =SUMPRODUCT(F234:Z234,FailureForCPU!E$17:Y$17) -> 1.2170988e-05 | AB234: =AA234*C234 -> 2.9979191e-05 | AC234: =C234-AB234 -> 2.4631382 | AD234: =SUM(F234:Z234) -> 1
... A246: 23 | B246: =B214 -> 1.0004341 | C246: =$B$220*B246 -> 1.0504558 | D246: {=MATCH(MIN(ABS(ServerTypeA!$A$106:$A$165-$C246)),ABS(ServerTypeA!$A$106:$A$165-$C246),0)} -> 11 | E246: {=INDEX(ServerTypeA!$A$106:$A$165,MATCH(MIN(ABS(ServerTypeA!$A$106:$A$165-$C246)),ABS(ServerTypeA!$A$106:$A$165-$C246),0))} -> 1.1 | F246: =OFFSET($B$106,$D246-1,F$221,1,1) -> 0 | G246: =OFFSET($B$106,$D246-1,G$221,1,1) -> 1.3288803e-05 | H246: =OFFSET($B$106,$D246-1,H$221,1,1) -> 0.016378984 | I246: =OFFSET($B$106,$D246-1,I$221,1,1) -> 0.2031607 | J246: =OFFSET($B$106,$D246-1,J$221,1,1) -> 0.30395274 | K246: =OFFSET($B$106,$D246-1,K$221,1,1) -> 0.29368657 | L246: =OFFSET($B$106,$D246-1,L$221,1,1) -> 0.12843467 | M246: =OFFSET($B$106,$D246-1,M$221,1,1) -> 0.04046156 | ... Z246: =OFFSET($B$106,$D246-1,Z$221,1,1) -> 4.3286164e-10 | AA246: =SUMPRODUCT(F246:Z246,FailureForCPU!E$17:Y$17) -> 8.8494712e-08 | AB246: =AA246*C246 -> 9.2959781e-08 | AC246: =C246-AB246 -> 1.0504557 | AD246: =SUM(F246:Z246) -> 1
A248: Total | B248: =SUM(B223:B246) -> 48.744819 | C248: =SUM(C223:C246) -> 51.18206 | AB248: =SUM(AB223:AB246) -> 0.055043341 | AC248: =SUM(AC223:AC246) -> 51.127017
A249: Success Rate | B249: =AC248/C248 -> 0.99892456
A251: Projected Q2
A252: Growth Factor | B252: =QResults!D11/QResults!B11 -> 1.0404463
E253: Offset: | F253: 0 | G253: 1 | H253: 2 | I253: 3 | J253: 4 | K253: 5 | L253: 6 | M253: 7 | N253: 8 | O253: 9 | P253: 10 | Q253: 11 | R253: 12 | S253: 13 | T253: 14 | U253: 15 | V253: 16 | W253: 17 | X253: 18 | Y253: 19 | Z253: 20
A254: Hour of Day | B254: Current EPH | C254: Projected EPH | D254: Position of Closest EPH Value | E254: Closest Predicted EPH Value | F254: 0 | G254: 5 | H254: 10 | I254: 15 | J254: 20 | K254: 25 | L254: 30 | M254: 35 | N254: 40 | O254: 45 | P254: 50 | Q254: 55 | R254: 60 | S254: 65 | T254: 70 | U254: 75 | V254: 80 | W254: 85 | X254: 90 | Y254: 95 | Z254: 100 | AA254: Failure Probability | AB254: Expected Failures | AC254: Expected Success | AD254: Validate
A255: 0 | B255: =B191 -> 0.54705915 | C255: =$B$252*B255 -> 0.56918565 | D255: {=MATCH(MIN(ABS(ServerTypeA!$A$106:$A$165-$C255)),ABS(ServerTypeA!$A$106:$A$165-$C255),0)} -> 6 | E255: {=INDEX(ServerTypeA!$A$106:$A$165,MATCH(MIN(ABS(ServerTypeA!$A$106:$A$165-$C255)),ABS(ServerTypeA!$A$106:$A$165-$C255),0))} -> 0.6 | F255: =OFFSET($B$106,$D255-1,F$221,1,1) -> 0 | G255: =OFFSET($B$106,$D255-1,G$221,1,1) -> 0.0088501101 | H255: =OFFSET($B$106,$D255-1,H$221,1,1) -> 0.23702525 | I255: =OFFSET($B$106,$D255-1,I$221,1,1) -> 0.4175739 | J255: =OFFSET($B$106,$D255-1,J$221,1,1) -> 0.20102281 | K255: =OFFSET($B$106,$D255-1,K$221,1,1) -> 0.098805433 | L255: =OFFSET($B$106,$D255-1,L$221,1,1) -> 0.027583944 | M255: =OFFSET($B$106,$D255-1,M$221,1,1) -> 0.0069229815 | ... Z255: =OFFSET($B$106,$D255-1,Z$221,1,1) -> 7.1807871e-10 | AA255: =SUMPRODUCT(F255:Z255,FailureForCPU!E$17:Y$17) -> 2.9442263e-08 | AB255: =AA255*C255 -> 1.6758114e-08 | AC255: =C255-AB255 -> 0.56918564 | AD255: =SUM(F255:Z255) -> 1
A256: 1 | B256: =B192 -> 0.30210809 | C256: =$B$252*B256 -> 0.31432724 | D256: {=MATCH(MIN(ABS(ServerTypeA!$A$106:$A$165-$C256)),ABS(ServerTypeA!$A$106:$A$165-$C256),0)} -> 3 | E256: {=INDEX(ServerTypeA!$A$106:$A$165,MATCH(MIN(ABS(ServerTypeA!$A$106:$A$165-$C256)),ABS(ServerTypeA!$A$106:$A$165-$C256),0))} -> 0.3 | F256: =OFFSET($B$106,$D256-1,F$221,1,1) -> 0 | G256: =OFFSET($B$106,$D256-1,G$221,1,1) -> 0.093645685 | H256: =OFFSET($B$106,$D256-1,H$221,1,1) -> 0.43496774 | I256: =OFFSET($B$106,$D256-1,I$221,1,1) -> 0.30971202 | J256: =OFFSET($B$106,$D256-1,J$221,1,1) -> 0.10084688 | K256: =OFFSET($B$106,$D256-1,K$221,1,1) -> 0.043691558 | L256: =OFFSET($B$106,$D256-1,L$221,1,1) -> 0.012294147 | M256: =OFFSET($B$106,$D256-1,M$221,1,1) -> 0.0034319914 | ... Z256: =OFFSET($B$106,$D256-1,Z$221,1,1) -> 8.7650239e-09 | AA256: =SUMPRODUCT(F256:Z256,FailureForCPU!E$17:Y$17) -> 7.348325e-08 | AB256: =AA256*C256 -> 2.3097787e-08 | AC256: =C256-AB256 -> 0.31432721 | AD256: =SUM(F256:Z256) -> 0.99999179
A257: 2 | B257: =B193 -> 0.19123857 | C257: =$B$252*B257 -> 0.19897346 | D257: {=MATCH(MIN(ABS(ServerTypeA!$A$106:$A$165-$C257)),ABS(ServerTypeA!$A$106:$A$165-$C257),0)} -> 2 | E257: {=INDEX(ServerTypeA!$A$106:$A$165,MATCH(MIN(ABS(ServerTypeA!$A$106:$A$165-$C257)),ABS(ServerTypeA!$A$106:$A$165-$C257),0))} -> 0.2 | F257: =OFFSET($B$106,$D257-1,F$221,1,1) -> 0 | G257: =OFFSET($B$106,$D257-1,G$221,1,1) -> 0.16263646 | H257: =OFFSET($B$106,$D257-1,H$221,1,1) -> 0.44689178 | I257: =OFFSET($B$106,$D257-1,I$221,1,1) -> 0.25672841 | J257: =OFFSET($B$106,$D257-1,J$221,1,1) -> 0.080778867 | K257: =OFFSET($B$106,$D257-1,K$221,1,1) -> 0.036441263 | L257: =OFFSET($B$106,$D257-1,L$221,1,1) -> 0.011196276 | M257: =OFFSET($B$106,$D257-1,M$221,1,1) -> 0.0034949134 | ... Z257: =OFFSET($B$106,$D257-1,Z$221,1,1) -> 5.0177817e-08 | AA257: =SUMPRODUCT(F257:Z257,FailureForCPU!E$17:Y$17) -> 2.0660951e-07 | AB257: =AA257*C257 -> 4.1109807e-08 | AC257: =C257-AB257 -> 0.19897341 | AD257: =SUM(F257:Z257) -> 0.99989072
A258: 3 | B258: =B194 -> 0.17781026 | C258: =$B$252*B258 -> 0.18500202 | D258: {=MATCH(MIN(ABS(ServerTypeA!$A$106:$A$165-$C258)),ABS(ServerTypeA!$A$106:$A$165-$C258),0)} -> 2 | E258: {=INDEX(ServerTypeA!$A$106:$A$165,MATCH(MIN(ABS(ServerTypeA!$A$106:$A$165-$C258)),ABS(ServerTypeA!$A$106:$A$165-$C258),0))} -> 0.2 | F258: =OFFSET($B$106,$D258-1,F$221,1,1) -> 0 | G258: =OFFSET($B$106,$D258-1,G$221,1,1) -> 0.16263646 | H258: =OFFSET($B$106,$D258-1,H$221,1,1) -> 0.44689178 | I258: =OFFSET($B$106,$D258-1,I$221,1,1) -> 0.25672841 | J258: =OFFSET($B$106,$D258-1,J$221,1,1) -> 0.080778867 | K258: =OFFSET($B$106,$D258-1,K$221,1,1) -> 0.036441263 | L258: =OFFSET($B$106,$D258-1,L$221,1,1) -> 0.011196276 | M258: =OFFSET($B$106,$D258-1,M$221,1,1) -> 0.0034949134 | ... Z258: =OFFSET($B$106,$D258-1,Z$221,1,1) -> 5.0177817e-08 | AA258: =SUMPRODUCT(F258:Z258,FailureForCPU!E$17:Y$17) -> 2.0660951e-07 | AB258: =AA258*C258 -> 3.8223175e-08 | AC258: =C258-AB258 -> 0.18500198 | AD258: =SUM(F258:Z258) -> 0.99989072
A259: 4 | B259: =B195 -> 0.35924234 | C259: =$B$252*B259 -> 0.37377235 | D259: {=MATCH(MIN(ABS(ServerTypeA!$A$106:$A$165-$C259)),ABS(ServerTypeA!$A$106:$A$165-$C259),0)} -> 4 | E259: {=INDEX(ServerTypeA!$A$106:$A$165,MATCH(MIN(ABS(ServerTypeA!$A$106:$A$165-$C259)),ABS(ServerTypeA!$A$106:$A$165-$C259),0))} -> 0.4 | F259: =OFFSET($B$106,$D259-1,F$221,1,1) -> 0 | G259: =OFFSET($B$106,$D259-1,G$221,1,1) -> 0.048173495 | H259: =OFFSET($B$106,$D259-1,H$221,1,1) -> 0.38674242 | I259: =OFFSET($B$106,$D259-1,I$221,1,1) -> 0.35996128 | J259: =OFFSET($B$106,$D259-1,J$221,1,1) -> 0.12840573 | K259: =OFFSET($B$106,$D259-1,K$221,1,1) -> 0.05609423 | L259: =OFFSET($B$106,$D259-1,L$221,1,1) -> 0.015209034 | M259: =OFFSET($B$106,$D259-1,M$221,1,1) -> 0.0039746438 | ... Z259: =OFFSET($B$106,$D259-1,Z$221,1,1) -> 2.7148532e-09 | AA259: =SUMPRODUCT(F259:Z259,FailureForCPU!E$17:Y$17) -> 4.1768346e-08 | AB259: =AA259*C259 -> 1.5611853e-08 | AC259: =C259-AB259 -> 0.37377234 | AD259: =SUM(F259:Z259) -> 0.99999949
...

Sheet ServerTypeB
A1: rb31,32(new, average of 2 servers)
A2: HourOfDay | B2: Events per hr (M) | C2: Log Events Per Hour | D2: Average of log-cpu | E2: StdDev of log-cpu
A3: 0 | B3: 0.43929673 | C3: =LN(B3) -> -0.82258016 | D3: 1.4578535 | E3: 0.38068831
A4: 1 | B4: 0.24725845 | C4: =LN(B4) -> -1.3973211 | D4: 1.2009059 | E4: 0.44643345
A5: 2 | B5: 0.15990047 | C5: =LN(B5) -> -1.8332037 | D5: 1.1239122 | E5: 0.47421592
A6: 3 | B6: 0.156343 | C6: =LN(B6) -> -1.855703 | D6: 1.0781775 | E6: 0.47328223
A7: 4 | B7: 0.33371847 | C7: =LN(B7) -> -1.0974576 | D7: 1.358616 | E7: 0.42022277
A8: 5 | B8: 0.89391525 | C8: =LN(B8) -> -0.11214431 | D8: 1.8935671 | E8: 0.29032631
A9: 6 | B9: 1.2472559 | C9: =LN(B9) -> 0.22094583 | D9: 2.1777567 | E9: 0.26108808
A10: 7 | B10: 1.4274515 | C10: =LN(B10) -> 0.35589066 | D10: 2.2830567 | E10: 0.27475598
A11: 8 | B11: 1.6331403 | C11: =LN(B11) -> 0.4905047 | D11: 2.4016786 | E11: 0.26257045
A12: 9 | B12: 1.807974 | C12: =LN(B12) -> 0.59220686 | D12: 2.4780892 | E12: 0.24747045
A13: 10 | B13: 1.9315643 | C13: =LN(B13) -> 0.6583302 | D13: 2.5417076 | E13: 0.23582719
A14: 11 | B14: 2.0302242 | C14: =LN(B14) -> 0.70814621 | D14: 2.5496839 | E14: 0.21494478
... A26: 23 | B26: 0.81373062 | C26: =LN(B26) -> -0.2061259 | D26: 1.8025718 | E26: 0.37336173
A28: Total | B28: =SUM(B3:B26) -> 43.062665
B29: Regression from number of events to log-CPU
C30: x^3 | D30: x^2 | E30: x | F30: c
B31: Coeff | C31: {=LINEST(D3:D26,B3:B26^{1,2,3})} -> 0.044060711 | D31: -0.39773935 | E31: 1.4483879 | F31: 0.88657835
B34: Regression from log of number of events to std of log CPU
C35: ln(EPH) | D35: C
B36: Coeff | C36: {=LINEST(E3:E26,C3:C26)} -> -0.11017706 | D36: 0.28969066
A39: Prediction | K39: Commulative Distribution (Probability CPU is less)
A41: EPH(in M) | B41: Log-EPH | C41: Log-CPU | D41: CPU | E41: STD of LOG-CPU | F41: 0.0 | G41: 2.5 | H41: 7.5 | I41: 12.5 | J41: 17.5 | K41: 21.5 | L41: 26.5 | M41: 31.5 | N41: 36.5 | O41: 41.5 | P41: 46.5 | Q41: 51.5 | R41: 56.5 | S41: 61.5 | T41: 66.5 | U41: 71.5 | V41: 76.5 | W41: 81.5 | X41: 86.5 | Y41: 91.5 | Z41: 96.5 | AA41: 101.5
A42: 0.1 | B42: =LN(A42) -> -2.3025851 | C42: =((A42*$C$31+$D$31)*A42+$E$31)*A42+$F$31 -> 1.0274838 | D42: =EXP(C42) -> 2.7940267 | E42: =$C$36*B42+$D$36 -> 0.54338272 | F42: 0 | G42: =NORMDIST(LN(G$41),$C42,$E42,TRUE) -> 0.41893013 | H42: =NORMDIST(LN(H$41),$C42,$E42,TRUE) -> 0.96540452 | I42: =NORMDIST(LN(I$41),$C42,$E42,TRUE) -> 0.99708556 | J42: =NORMDIST(LN(J$41),$C42,$E42,TRUE) -> 0.99963289 | K42: =NORMDIST(LN(K$41),$C42,$E42,TRUE) -> 0.99991344 | L42: =NORMDIST(LN(L$41),$C42,$E42,TRUE) -> 0.99998264 | M42: =NORMDIST(LN(M$41),$C42,$E42,TRUE) -> 0.99999587 | N42: =NORMDIST(LN(N$41),$C42,$E42,TRUE) -> 0.99999887 | ... Z42: =NORMDIST(LN(Z$41),$C42,$E42,TRUE) -> 1 | AA42: 1
A43: 0.2 | B43: =LN(A43) -> -1.6094379 | C43: =((A43*$C$31+$D$31)*A43+$E$31)*A43+$F$31 -> 1.1606988 | D43: =EXP(C43) -> 3.1921633 | E43: =$C$36*B43+$D$36 -> 0.4670138 | F43: 0 | G43: =NORMDIST(LN(G$41),$C43,$E43,TRUE) -> 0.30036802 | H43: =NORMDIST(LN(H$41),$C43,$E43,TRUE) -> 0.96630596 | I43: =NORMDIST(LN(I$41),$C43,$E43,TRUE) -> 0.998266 | J43: =NORMDIST(LN(J$41),$C43,$E43,TRUE) -> 0.99986545 | K43: =NORMDIST(LN(K$41),$C43,$E43,TRUE) -> 0.99997788 | L43: =NORMDIST(LN(L$41),$C43,$E43,TRUE) -> 0.99999708 | M43: =NORMDIST(LN(M$41),$C43,$E43,TRUE) -> 0.99999953 | N43: =NORMDIST(LN(N$41),$C43,$E43,TRUE) -> 0.99999991 | ... Z43: =NORMDIST(LN(Z$41),$C43,$E43,TRUE) -> 1 | AA43: 1
A44: 0.3 | B44: =LN(A44) -> -1.2039728 | C44: =((A44*$C$31+$D$31)*A44+$E$31)*A44+$F$31 -> 1.2864878 | D44: =EXP(C44) -> 3.6200499 | E44: =$C$36*B44+$D$36 -> 0.42234085 | F44: 0 | G44: =NORMDIST(LN(G$41),$C44,$E44,TRUE) -> 0.19036928 | H44: =NORMDIST(LN(H$41),$C44,$E44,TRUE) -> 0.95771007 | I44: =NORMDIST(LN(I$41),$C44,$E44,TRUE) -> 0.99832806 | J44: =NORMDIST(LN(J$41),$C44,$E44,TRUE) -> 0.9999046 | K44: =NORMDIST(LN(K$41),$C44,$E44,TRUE) -> 0.99998769 | L44: =NORMDIST(LN(L$41),$C44,$E44,TRUE) -> 0.99999878 | M44: =NORMDIST(LN(M$41),$C44,$E44,TRUE) -> 0.99999985 | N44: =NORMDIST(LN(N$41),$C44,$E44,TRUE) -> 0.99999998 | ... Z44: =NORMDIST(LN(Z$41),$C44,$E44,TRUE) -> 1 | AA44: 1
A45: 0.4 | B45: =LN(A45) -> -0.91629073 | C45: =((A45*$C$31+$D$31)*A45+$E$31)*A45+$F$31 -> 1.4051151 | D45: =EXP(C45) -> 4.0759958 | E45: =$C$36*B45+$D$36 -> 0.39064488 | F45: 0 | G45: =NORMDIST(LN(G$41),$C45,$E45,TRUE) -> 0.10540766 | H45: =NORMDIST(LN(H$41),$C45,$E45,TRUE) -> 0.94073549 | I45: =NORMDIST(LN(I$41),$C45,$E45,TRUE) -> 0.9979387 | J45: =NORMDIST(LN(J$41),$C45,$E45,TRUE) -> 0.99990424 | K45: =NORMDIST(LN(K$41),$C45,$E45,TRUE) -> 0.99998964 | L45: =NORMDIST(LN(L$41),$C45,$E45,TRUE) -> 0.99999917 | M45: =NORMDIST(LN(M$41),$C45,$E45,TRUE) -> 0.99999992 | N45: =NORMDIST(LN(N$41),$C45,$E45,TRUE) -> 0.99999999 | ... Z45: =NORMDIST(LN(Z$41),$C45,$E45,TRUE) -> 1 | AA45: 1
A46: 0.5 | B46: =LN(A46) -> -0.69314718 | C46: =((A46*$C$31+$D$31)*A46+$E$31)*A46+$F$31 -> 1.516845 | D46: =EXP(C46) -> 4.5578227 | E46: =$C$36*B46+$D$36 -> 0.36605958 | F46: 0 | G46: =NORMDIST(LN(G$41),$C46,$E46,TRUE) -> 0.050441102 | H46: =NORMDIST(LN(H$41),$C46,$E46,TRUE) -> 0.91317878 | I46: =NORMDIST(LN(I$41),$C46,$E46,TRUE) -> 0.99707492 | J46: =NORMDIST(LN(J$41),$C46,$E46,TRUE) -> 0.99988119 | K46: =NORMDIST(LN(K$41),$C46,$E46,TRUE) -> 0.9999887 | L46: =NORMDIST(LN(L$41),$C46,$E46,TRUE) -> 0.99999924 | M46: =NORMDIST(LN(M$41),$C46,$E46,TRUE) -> 0.99999994 | N46: =NORMDIST(LN(N$41),$C46,$E46,TRUE) -> 0.99999999 | ... Z46: =NORMDIST(LN(Z$41),$C46,$E46,TRUE) -> 1 | AA46: 1
A47: 0.6 | B47: =LN(A47) -> -0.51082562 | C47: =((A47*$C$31+$D$31)*A47+$E$31)*A47+$F$31 -> 1.621942 | D47: =EXP(C47) -> 5.062913 | E47: =$C$36*B47+$D$36 -> 0.34597193 | F47: 0 | G47: =NORMDIST(LN(G$41),$C47,$E47,TRUE) -> 0.020694091 | H47: =NORMDIST(LN(H$41),$C47,$E47,TRUE) -> 0.87198354 | I47: =NORMDIST(LN(I$41),$C47,$E47,TRUE) -> 0.99550339 | J47: =NORMDIST(LN(J$41),$C47,$E47,TRUE) -> 0.99983137 | K47: =NORMDIST(LN(K$41),$C47,$E47,TRUE) -> 0.99998541 | L47: =NORMDIST(LN(L$41),$C47,$E47,TRUE) -> 0.99999914 | M47: =NORMDIST(LN(M$41),$C47,$E47,TRUE) -> 0.99999994 | N47: =NORMDIST(LN(N$41),$C47,$E47,TRUE) -> 0.99999999 | ... Z47: =NORMDIST(LN(Z$41),$C47,$E47,TRUE) -> 1 | AA47: 1
A48: 0.7 | B48: =LN(A48) -> -0.35667494 | C48: =((A48*$C$31+$D$31)*A48+$E$31)*A48+$F$31 -> 1.7206704 | D48: =EXP(C48) -> 5.5882736 | E48: =$C$36*B48+$D$36 -> 0.32898806 | F48: 0 | G48: =NORMDIST(LN(G$41),$C48,$E48,TRUE) -> 0.0072423713 | H48: =NORMDIST(LN(H$41),$C48,$E48,TRUE) -> 0.81443442 | I48: =NORMDIST(LN(I$41),$C48,$E48,TRUE) -> 0.99279894 | J48: =NORMDIST(LN(J$41),$C48,$E48,TRUE) -> 0.9997396 | K48: =NORMDIST(LN(K$41),$C48,$E48,TRUE) -> 0.99997894 | L48: =NORMDIST(LN(L$41),$C48,$E48,TRUE) -> 0.99999888 | M48: =NORMDIST(LN(M$41),$C48,$E48,TRUE) -> 0.99999993 | N48: =NORMDIST(LN(N$41),$C48,$E48,TRUE) -> 0.99999999 | ... Z48: =NORMDIST(LN(Z$41),$C48,$E48,TRUE) -> 1 | AA48: 1
A49: 0.8 | B49: =LN(A49) -> -0.22314355 | C49: =((A49*$C$31+$D$31)*A49+$E$31)*A49+$F$31 -> 1.8132945 | D49: =EXP(C49) -> 6.1306118 | E49: =$C$36*B49+$D$36 -> 0.31427596 | F49: 0 | G49: =NORMDIST(LN(G$41),$C49,$E49,TRUE) -> 0.002157325 | H49: =NORMDIST(LN(H$41),$C49,$E49,TRUE) -> 0.73940152 | I49: =NORMDIST(LN(I$41),$C49,$E49,TRUE) -> 0.98830202 | J49: =NORMDIST(LN(J$41),$C49,$E49,TRUE) -> 0.99957737 | K49: =NORMDIST(LN(K$41),$C49,$E49,TRUE) -> 0.99996731 | L49: =NORMDIST(LN(L$41),$C49,$E49,TRUE) -> 0.9999984 | M49: =NORMDIST(LN(M$41),$C49,$E49,TRUE) -> 0.9999999 | N49: =NORMDIST(LN(N$41),$C49,$E49,TRUE) -> 0.99999999 | ... Z49: =NORMDIST(LN(Z$41),$C49,$E49,TRUE) -> 1 | AA49: 1
A50: 0.9 | B50: =LN(A50) -> -0.10536052 | C50: =((A50*$C$31+$D$31)*A50+$E$31)*A50+$F$31 -> 1.9000788 | D50: =EXP(C50) -> 6.6864214 | E50: =$C$36*B50+$D$36 -> 0.30129897 | F50: 0 | G50: =NORMDIST(LN(G$41),$C50,$E50,TRUE) -> 0.00054701946 | H50: =NORMDIST(LN(H$41),$C50,$E50,TRUE) -> 0.64843445 | I50: =NORMDIST(LN(I$41),$C50,$E50,TRUE) -> 0.98107652 | J50: =NORMDIST(LN(J$41),$C50,$E50,TRUE) -> 0.99929659 | K50: =NORMDIST(LN(K$41),$C50,$E50,TRUE) -> 0.99994701 | L50: =NORMDIST(LN(L$41),$C50,$E50,TRUE) -> 0.99999757 | M50: =NORMDIST(LN(M$41),$C50,$E50,TRUE) -> 0.99999987 | N50: =NORMDIST(LN(N$41),$C50,$E50,TRUE) -> 0.99999999 | ... Z50: =NORMDIST(LN(Z$41),$C50,$E50,TRUE) -> 1 | AA50: 1
A51: 1 | B51: =LN(A51) -> 0 | C51: =((A51*$C$31+$D$31)*A51+$E$31)*A51+$F$31 -> 1.9812876 | D51: =EXP(C51) -> 7.2520746 | E51: =$C$36*B51+$D$36 -> 0.28969066 | F51: 0 | G51: =NORMDIST(LN(G$41),$C51,$E51,TRUE) -> 0.0001183093 | H51: =NORMDIST(LN(H$41),$C51,$E51,TRUE) -> 0.54618922 | I51: =NORMDIST(LN(I$41),$C51,$E51,TRUE) -> 0.96990421 | J51: =NORMDIST(LN(J$41),$C51,$E51,TRUE) -> 0.99882054 | K51: =NORMDIST(LN(K$41),$C51,$E51,TRUE) -> 0.9999121 | L51: =NORMDIST(LN(L$41),$C51,$E51,TRUE) -> 0.99999615 | M51: =NORMDIST(LN(M$41),$C51,$E51,TRUE) -> 0.9999998 | N51: =NORMDIST(LN(N$41),$C51,$E51,TRUE) -> 0.99999999 | ... Z51: =NORMDIST(LN(Z$41),$C51,$E51,TRUE) -> 1 | AA51: 1
A52: 1.1 | B52: =LN(A52) -> 0.09531018 | C52: =((A52*$C$31+$D$31)*A52+$E$31)*A52+$F$31 -> 2.0571852 | D52: =EXP(C52) -> 7.823916 | E52: =$C$36*B52+$D$36 -> 0.27918967 | F52: 0 | G52: =NORMDIST(LN(G$41),$C52,$E52,TRUE) -> 2.190124e-05 | H52: =NORMDIST(LN(H$41),$C52,$E52,TRUE) -> 0.43981192 | I52: =NORMDIST(LN(I$41),$C52,$E52,TRUE) -> 0.95334854 | J52: =NORMDIST(LN(J$41),$C52,$E52,TRUE) -> 0.99803297 | K52: =NORMDIST(LN(K$41),$C52,$E52,TRUE) -> 0.99985311 | L52: =NORMDIST(LN(L$41),$C52,$E52,TRUE) -> 0.99999378 | M52: =NORMDIST(LN(M$41),$C52,$E52,TRUE) -> 0.9999997 | N52: =NORMDIST(LN(N$41),$C52,$E52,TRUE) -> 0.99999998 | ... Z52: =NORMDIST(LN(Z$41),$C52,$E52,TRUE) -> 1 | AA52: 1
A53: 1.2 | B53: =LN(A53) -> 0.18232156 | C53: =((A53*$C$31+$D$31)*A53+$E$31)*A53+$F$31 -> 2.128036 | D53: =EXP(C53) -> 8.3983566 | E53: =$C$36*B53+$D$36 -> 0.26960301 | F53: 0 | G53: =NORMDIST(LN(G$41),$C53,$E53,TRUE) -> 3.4857939e-06 | H53: =NORMDIST(LN(H$41),$C53,$E53,TRUE) -> 0.33737855 | I53: =NORMDIST(LN(I$41),$C53,$E53,TRUE) -> 0.92990777 | J53: =NORMDIST(LN(J$41),$C53,$E53,TRUE) -> 0.9967667 | K53: =NORMDIST(LN(K$41),$C53,$E53,TRUE) -> 0.99975546 | L53: =NORMDIST(LN(L$41),$C53,$E53,TRUE) -> 0.99998988 | M53: =NORMDIST(LN(M$41),$C53,$E53,TRUE) -> 0.99999953 | N53: =NORMDIST(LN(N$41),$C53,$E53,TRUE) -> 0.99999997 | ... Z53: =NORMDIST(LN(Z$41),$C53,$E53,TRUE) -> 1 | AA53: 1
... A101: 6 | B101: =LN(A101) -> 1.7917595 | C101: =((A101*$C$31+$D$31)*A101+$E$31)*A101+$F$31 -> 4.7754027 | D101: =EXP(C101) -> 118.55805 | E101: =$C$36*B101+$D$36 -> 0.092279869 | F101: 0 | G101: =NORMDIST(LN(G$41),$C101,$E101,TRUE) -> 0 | H101: =NORMDIST(LN(H$41),$C101,$E101,TRUE) -> 6.3872194e-197 | I101: =NORMDIST(LN(I$41),$C101,$E101,TRUE) -> 1.434688e-131 | J101: =NORMDIST(LN(J$41),$C101,$E101,TRUE) -> 8.8004764e-96 | K101: =NORMDIST(LN(K$41),$C101,$E101,TRUE) -> 9.972337e-77 | L101: =NORMDIST(LN(L$41),$C101,$E101,TRUE) -> 1.4026799e-59 | M101: =NORMDIST(LN(M$41),$C101,$E101,TRUE) -> 4.416385e-47 | N101: =NORMDIST(LN(N$41),$C101,$E101,TRUE) -> 1.2613056e-37 | ... Z101: =NORMDIST(LN(Z$41),$C101,$E101,TRUE) -> 0.012846551 | AA101: 1
A104: Probability Distribution for CPU to fall into bin ventered at each 5% step
A105: EPH(in M) | B105: 0 | C105: 5 | D105: 10 | E105: 15 | F105: 20 | G105: 25 | H105: 30 | I105: 35 | J105: 40 | K105: 45 | L105: 50 | M105: 55 | N105: 60 | O105: 65 | P105: 70 | Q105: 75 | R105: 80 | S105: 85 | T105: 90 | U105: 95 | V105: 100
A106: 0.1 | B106: 0 | C106: =H42-G42 -> 0.54647439 | D106: =I42-H42 -> 0.03168104 | E106: =J42-I42 -> 0.002547334 | F106: =K42-J42 -> 0.00028054347 | G106: =L42-K42 -> 6.9207014e-05 | H106: =M42-L42 -> 1.3224707e-05 | I106: =N42-M42 -> 3.0063305e-06 | J106: =O42-N42 -> 7.8390607e-07 | ... V106: =AA42-Z42 -> 3.5498715e-11
A107: 0.2 | B107: 0 | C107: =H43-G43 -> 0.66593794 | D107: =I43-H43 -> 0.031960043 | E107: =J43-I43 -> 0.0015994489 | F107: =K43-J43 -> 0.00011242878 | G107: =L43-K43 -> 1.91961e-05 | H107: =M43-L43 -> 2.4487933e-06 | I107: =N43-M43 -> 3.8368657e-07 | J107: =O43-N43 -> 7.0876589e-08 | ... V107: =AA43-Z43 -> 1.4466206e-13
A108: 0.3 | B108: 0 | C108: =H44-G44 -> 0.76734079 | D108: =I44-H44 -> 0.040617994 | E108: =J44-I44 -> 0.0015765401 | F108: =K44-J44 -> 8.3090088e-05 | G108: =L44-K44 -> 1.1088798e-05 | H108: =M44-L44 -> 1.0675049e-06 | I108: =N44-M44 -> 1.283282e-07 | J108: =O44-N44 -> 1.8478604e-08 | ... V108: =AA44-Z44 -> 3.7747583e-15
A109: 0.4 | B109: 0 | C109: =H45-G45 -> 0.83532783 | D109: =I45-H45 -> 0.057203207 | E109: =J45-I45 -> 0.0019655443 | F109: =K45-J45 -> 8.5395112e-05 | G109: =L45-K45 -> 9.5388457e-06 | H109: =M45-L45 -> 7.4234102e-07 | I109: =N45-M45 -> 7.2652944e-08 | J109: =O45-N45 -> 8.5933354e-09 | ... V109: =AA45-Z45 -> 0
A110: 0.5 | B110: 0 | C110: =H46-G46 -> 0.86273767 | D110: =I46-H46 -> 0.083896145 | E110: =J46-I46 -> 0.0028062638 | F110: =K46-J46 -> 0.00010751726 | G110: =L46-K46 -> 1.0537665e-05 | H110: =M46-L46 -> 6.9501646e-07 | I110: =N46-M46 -> 5.7656019e-08 | J110: =O46-N46 -> 5.8025605e-09 | ... V110: =AA46-Z46 -> 0
A111: 0.6 | B111: 0 | C111: =H47-G47 -> 0.85128945 | D111: =I47-H47 -> 0.12351985 | E111: =J47-I47 -> 0.0043279733 | F111: =K47-J47 -> 0.00015404834 | G111: =L47-K47 -> 1.3726742e-05 | H111: =M47-L47 -> 7.9503472e-07 | I111: =N47-M47 -> 5.7605394e-08 | J111: =O47-N47 -> 5.0629464e-09 | ... V111: =AA47-Z47 -> 0
A112: 0.7 | B112: 0 | C112: =H48-G48 -> 0.80719205 | D112: =I48-H48 -> 0.17836452 | E112: =J48-I48 -> 0.0069406558 | F112: =K48-J48 -> 0.00023934068 | G112: =L48-K48 -> 1.9943062e-05 | H112: =M48-L48 -> 1.0431285e-06 | I112: =N48-M48 -> 6.7580201e-08 | J112: =O48-N48 -> 5.292756e-09 | ... V112: =AA48-Z48 -> 0
A113: 0.8 | B113: 0 | C113: =H49-G49 -> 0.7372442 | D113: =I49-H49 -> 0.2489005 | E113: =J49-I49 -> 0.011275352 | F113: =K49-J49 -> 0.00038994364 | G113: =L49-K49 -> 3.1087425e-05 | H113: =M49-L49 -> 1.5021115e-06 | I113: =N49-M49 -> 8.8665416e-08 | J113: =O49-N49 -> 6.2879536e-09 | ... V113: =AA49-Z49 -> 0
A114: 0.9 | B114: 0 | C114: =H50-G50 -> 0.64788743 | D114: =I50-H50 -> 0.33264207 | E114: =J50-I50 -> 0.018220068 | F114: =K50-J50 -> 0.0006504195 | G114: =L50-K50 -> 5.0559487e-05 | H114: =M50-L50 -> 2.2992096e-06 | I114: =N50-M50 -> 1.2555877e-07 | J114: =O50-N50 -> 8.1680614e-09 | ... V114: =AA50-Z50 -> 0
A115: 1 | B115: 0 | C115: =H51-G51 -> 0.54607091 | D115: =I51-H51 -> 0.42371499 | E115: =J51-I51 -> 0.028916332 | F115: =K51-J51 -> 0.0010915549 | G115: =L51-K51 -> 8.4048886e-05 | H115: =M51-L51 -> 3.6530582e-06 | I115: =N51-M51 -> 1.868886e-07 | J115: =O51-N51 -> 1.1270184e-08 | ... V115: =AA51-Z51 -> 0
A116: 1.1 | B116: 0 | C116: =H52-G52 -> 0.43979002 | D116: =I52-H52 -> 0.51353661 | E116: =J52-I52 -> 0.04468443 | F116: =K52-J52 -> 0.0018201413 | G116: =L52-K52 -> 0.00014066945 | H116: =M52-L52 -> 5.9185692e-06 | I116: =N52-M52 -> 2.8658598e-07 | J116: =O52-N52 -> 1.6157246e-08 | ... V116: =AA52-Z52 -> 0
A117: 1.2 | B117: 0 | C117: =H53-G53 -> 0.33737507 | D117: =I53-H53 -> 0.59252922 | E117: =J53-I53 -> 0.066858927 | F117: =K53-J53 -> 0.0029887646 | G117: =L53-K53 -> 0.00023441655 | H117: =M53-L53 -> 9.6489361e-06 | I117: =N53-M53 -> 4.4592031e-07 | J117: =O53-N53 -> 2.3664171e-08 | ... V117: =AA53-Z53 -> 0
... A165: 6 | B165: 0 | C165: =H101-G101 -> 6.3872194e-197 | D165: =I101-H101 -> 1.434688e-131 | E165: =J101-I101 -> 8.8004764e-96 | F165: =K101-J101 -> 9.972337e-77 | G165: =L101-K101 -> 1.4026799e-59 | H165: =M101-L101 -> 4.416385e-47 | I165: =N101-M101 -> 1.2613056e-37 | J165: =O101-N101 -> 2.7762367e-30 | ... V165: =AA101-Z101 -> 0.98715345
E167: Example for 3M EPH
A187: Current:
A188: Growth Factor | B188: 1
E189: Offset: | F189: 0 | G189: 1 | H189: 2 | I189: 3 | J189: 4 | K189: 5 | L189: 6 | M189: 7 | N189: 8 | O189: 9 | P189: 10 | Q189: 11 | R189: 12 | S189: 13 | T189: 14 | U189: 15 | V189: 16 | W189: 17 | X189: 18 | Y189: 19 | Z189: 20
A190: Hour of Day | B190: Current EPH | C190: Projected EPH | D190: Position of Closest EPH Value | E190: Closest Predicted EPH Value | F190: 0 | G190: 5 | H190: 10 | I190: 15 | J190: 20 | K190: 25 | L190: 30 | M190: 35 | N190: 40 | O190: 45 | P190: 50 | Q190: 55 | R190: 60 | S190: 65 | T190: 70 | U190: 75 | V190: 80 | W190: 85 | X190: 90 | Y190: 95 | Z190: 100 | AA190: Failure Probability | AB190: Expected Failures | AC190: Expected Success | AD190: Column1
A191: 0 | B191: =B3 -> 0.43929673 | C191: =$B$188*B191 -> 0.43929673 | D191: {=MATCH(MIN(ABS(ServerTypeA!$A$106:$A$165-$C191)),ABS(ServerTypeA!$A$106:$A$165-$C191),0)} -> 4 | E191: {=INDEX(ServerTypeA!$A$106:$A$165,MATCH(MIN(ABS(ServerTypeA!$A$106:$A$165-$C191)),ABS(ServerTypeA!$A$106:$A$165-$C191),0))} -> 0.4 | F191: =OFFSET($B$106,$D191-1,F$221,1,1) -> 0 | G191: =OFFSET($B$106,$D191-1,G$221,1,1) -> 0.83532783 | H191: =OFFSET($B$106,$D191-1,H$221,1,1) -> 0.057203207 | I191: =OFFSET($B$106,$D191-1,I$221,1,1) -> 0.0019655443 | J191: =OFFSET($B$106,$D191-1,J$221,1,1) -> 8.5395112e-05 | K191: =OFFSET($B$106,$D191-1,K$221,1,1) -> 9.5388457e-06 | L191: =OFFSET($B$106,$D191-1,L$221,1,1) -> 7.4234102e-07 | M191: =OFFSET($B$106,$D191-1,M$221,1,1) -> 7.2652944e-08 | ... Z191: =OFFSET($B$106,$D191-1,Z$221,1,1) -> 0 | AA191: =SUMPRODUCT(F191:Z191,FailureForCPU!E$17:Y$17) -> 2.0449383e-14 | AB191: =AA191*C191 -> 8.9833471e-15 | AC191: =C191-AB191 -> 0.43929673 | AD191: =SUM(F191:Z191) -> 0.89459234
A192: 1 | B192: =B4 -> 0.24725845 | C192: =$B$188*B192 -> 0.24725845 | D192: {=MATCH(MIN(ABS(ServerTypeA!$A$106:$A$165-$C192)),ABS(ServerTypeA!$A$106:$A$165-$C192),0)} -> 2 | E192: {=INDEX(ServerTypeA!$A$106:$A$165,MATCH(MIN(ABS(ServerTypeA!$A$106:$A$165-$C192)),ABS(ServerTypeA!$A$106:$A$165-$C192),0))} -> 0.2 | F192: =OFFSET($B$106,$D192-1,F$221,1,1) -> 0 | G192: =OFFSET($B$106,$D192-1,G$221,1,1) -> 0.66593794 | H192: =OFFSET($B$106,$D192-1,H$221,1,1) -> 0.031960043 | I192: =OFFSET($B$106,$D192-1,I$221,1,1) -> 0.0015994489 | J192: =OFFSET($B$106,$D192-1,J$221,1,1) -> 0.00011242878 | K192: =OFFSET($B$106,$D192-1,K$221,1,1) -> 1.91961e-05 | L192: =OFFSET($B$106,$D192-1,L$221,1,1) -> 2.4487933e-06 | M192: =OFFSET($B$106,$D192-1,M$221,1,1) -> 3.8368657e-07 | ... Z192: =OFFSET($B$106,$D192-1,Z$221,1,1) -> 1.4466206e-13 | AA192: =SUMPRODUCT(F192:Z192,FailureForCPU!E$17:Y$17) -> 1.5791979e-12 | AB192: =AA192*C192 -> 3.9047002e-13 | AC192: =C192-AB192 -> 0.24725845 | AD192: =SUM(F192:Z192) -> 0.69963198
A193: 2 | B193: =B5 -> 0.15990047 | C193: =$B$188*B193 -> 0.15990047 | D193: {=MATCH(MIN(ABS(ServerTypeA!$A$106:$A$165-$C193)),ABS(ServerTypeA!$A$106:$A$165-$C193),0)} -> 2 | E193: {=INDEX(ServerTypeA!$A$106:$A$165,MATCH(MIN(ABS(ServerTypeA!$A$106:$A$165-$C193)),ABS(ServerTypeA!$A$106:$A$165-$C193),0))} -> 0.2 | F193: =OFFSET($B$106,$D193-1,F$221,1,1) -> 0 | G193: =OFFSET($B$106,$D193-1,G$221,1,1) -> 0.66593794 | H193: =OFFSET($B$106,$D193-1,H$221,1,1) -> 0.031960043 | I193: =OFFSET($B$106,$D193-1,I$221,1,1) -> 0.0015994489 | J193: =OFFSET($B$106,$D193-1,J$221,1,1) -> 0.00011242878 | K193: =OFFSET($B$106,$D193-1,K$221,1,1) -> 1.91961e-05 | L193: =OFFSET($B$106,$D193-1,L$221,1,1) -> 2.4487933e-06 | M193: =OFFSET($B$106,$D193-1,M$221,1,1) -> 3.8368657e-07 | ... Z193: =OFFSET($B$106,$D193-1,Z$221,1,1) -> 1.4466206e-13 | AA193: =SUMPRODUCT(F193:Z193,FailureForCPU!E$17:Y$17) -> 1.5791979e-12 | AB193: =AA193*C193 -> 2.5251448e-13 | AC193: =C193-AB193 -> 0.15990047 | AD193: =SUM(F193:Z193) -> 0.69963198
A194: 3 | B194: =B6 -> 0.156343 | C194: =$B$188*B194 -> 0.156343 | D194: {=MATCH(MIN(ABS(ServerTypeA!$A$106:$A$165-$C194)),ABS(ServerTypeA!$A$106:$A$165-$C194),0)} -> 2 | E194: {=INDEX(ServerTypeA!$A$106:$A$165,MATCH(MIN(ABS(ServerTypeA!$A$106:$A$165-$C194)),ABS(ServerTypeA!$A$106:$A$165-$C194),0))} -> 0.2 | F194: =OFFSET($B$106,$D194-1,F$221,1,1) -> 0 | G194: =OFFSET($B$106,$D194-1,G$221,1,1) -> 0.66593794 | H194: =OFFSET($B$106,$D194-1,H$221,1,1) -> 0.031960043 | I194: =OFFSET($B$106,$D194-1,I$221,1,1) -> 0.0015994489 | J194: =OFFSET($B$106,$D194-1,J$221,1,1) -> 0.00011242878 | K194: =OFFSET($B$106,$D194-1,K$221,1,1) -> 1.91961e-05 | L194: =OFFSET($B$106,$D194-1,L$221,1,1) -> 2.4487933e-06 | M194: =OFFSET($B$106,$D194-1,M$221,1,1) -> 3.8368657e-07 | ... Z194: =OFFSET($B$106,$D194-1,Z$221,1,1) -> 1.4466206e-13 | AA194: =SUMPRODUCT(F194:Z194,FailureForCPU!E$17:Y$17) -> 1.5791979e-12 | AB194: =AA194*C194 -> 2.4689653e-13 | AC194: =C194-AB194 -> 0.156343 | AD194: =SUM(F194:Z194) -> 0.69963198
A195: 4 | B195: =B7 -> 0.33371847 | C195: =$B$188*B195 -> 0.33371847 | D195: {=MATCH(MIN(ABS(ServerTypeA!$A$106:$A$165-$C195)),ABS(ServerTypeA!$A$106:$A$165-$C195),0)} -> 3 | E195: {=INDEX(ServerTypeA!$A$106:$A$165,MATCH(MIN(ABS(ServerTypeA!$A$106:$A$165-$C195)),ABS(ServerTypeA!$A$106:$A$165-$C195),0))} -> 0.3 | F195: =OFFSET($B$106,$D195-1,F$221,1,1) -> 0 | G195: =OFFSET($B$106,$D195-1,G$221,1,1) -> 0.76734079 | H195: =OFFSET($B$106,$D195-1,H$221,1,1) -> 0.040617994 | I195: =OFFSET($B$106,$D195-1,I$221,1,1) -> 0.0015765401 | J195: =OFFSET($B$106,$D195-1,J$221,1,1) -> 8.3090088e-05 | K195: =OFFSET($B$106,$D195-1,K$221,1,1) -> 1.1088798e-05 | L195: =OFFSET($B$106,$D195-1,L$221,1,1) -> 1.0675049e-06 | M195: =OFFSET($B$106,$D195-1,M$221,1,1) -> 1.283282e-07 | ... Z195: =OFFSET($B$106,$D195-1,Z$221,1,1) -> 3.7747583e-15 | AA195: =SUMPRODUCT(F195:Z195,FailureForCPU!E$17:Y$17) -> 1.1766976e-13 | AB195: =AA195*C195 -> 3.9268573e-14 | AC195: =C195-AB195 -> 0.33371847 | AD195: =SUM(F195:Z195) -> 0.80963072
A196: 5 | B196: =B8 -> 0.89391525 | C196: =$B$188*B196 -> 0.89391525 | D196: {=MATCH(MIN(ABS(ServerTypeA!$A$106:$A$165-$C196)),ABS(ServerTypeA!$A$106:$A$165-$C196),0)} -> 9 | E196: {=INDEX(ServerTypeA!$A$106:$A$165,MATCH(MIN(ABS(ServerTypeA!$A$106:$A$165-$C196)),ABS(ServerTypeA!$A$106:$A$165-$C196),0))} -> 0.9 | F196: =OFFSET($B$106,$D196-1,F$221,1,1) -> 0 | G196: =OFFSET($B$106,$D196-1,G$221,1,1) -> 0.64788743 | H196: =OFFSET($B$106,$D196-1,H$221,1,1) -> 0.33264207 | I196: =OFFSET($B$106,$D196-1,I$221,1,1) -> 0.018220068 | J196: =OFFSET($B$106,$D196-1,J$221,1,1) -> 0.0006504195 | K196: =OFFSET($B$106,$D196-1,K$221,1,1) -> 5.0559487e-05 | L196: =OFFSET($B$106,$D196-1,L$221,1,1) -> 2.2992096e-06 | M196: =OFFSET($B$106,$D196-1,M$221,1,1) -> 1.2555877e-07 | ... Z196: =OFFSET($B$106,$D196-1,Z$221,1,1) -> 0 | AA196: =SUMPRODUCT(F196:Z196,FailureForCPU!E$17:Y$17) -> 8.502458e-16 | AB196: =AA196*C196 -> 7.6004769e-16 | AC196: =C196-AB196 -> 0.89391525 | AD196: =SUM(F196:Z196) -> 0.99945298
A197: 6 | B197: =B9 -> 1.2472559 | C197: =$B$188*B197 -> 1.2472559 | D197: {=MATCH(MIN(ABS(ServerTypeA!$A$106:$A$165-$C197)),ABS(ServerTypeA!$A$106:$A$165-$C197),0)} -> 12 | E197: {=INDEX(ServerTypeA!$A$106:$A$165,MATCH(MIN(ABS(ServerTypeA!$A$106:$A$165-$C197)),ABS(ServerTypeA!$A$106:$A$165-$C197),0))} -> 1.2 | F197: =OFFSET($B$106,$D197-1,F$221,1,1) -> 0 | G197: =OFFSET($B$106,$D197-1,G$221,1,1) -> 0.33737507 | H197: =OFFSET($B$106,$D197-1,H$221,1,1) -> 0.59252922 | I197: =OFFSET($B$106,$D197-1,I$221,1,1) -> 0.066858927 | J197: =OFFSET($B$106,$D197-1,J$221,1,1) -> 0.0029887646 | K197: =OFFSET($B$106,$D197-1,K$221,1,1) -> 0.00023441655 | L197: =OFFSET($B$106,$D197-1,L$221,1,1) -> 9.6489361e-06 | M197: =OFFSET($B$106,$D197-1,M$221,1,1) -> 4.4592031e-07 | ... Z197: =OFFSET($B$106,$D197-1,Z$221,1,1) -> 0 | AA197: =SUMPRODUCT(F197:Z197,FailureForCPU!E$17:Y$17) -> 7.1054274e-16 | AB197: =AA197*C197 -> 8.862286e-16 | AC197: =C197-AB197 -> 1.2472559 | AD197: =SUM(F197:Z197) -> 0.99999651
A198: 7 | B198: =B10 -> 1.4274515 | C198: =$B$188*B198 -> 1.4274515 | D198: {=MATCH(MIN(ABS(ServerTypeA!$A$106:$A$165-$C198)),ABS(ServerTypeA!$A$106:$A$165-$C198),0)} -> 14 | E198: {=INDEX(ServerTypeA!$A$106:$A$165,MATCH(MIN(ABS(ServerTypeA!$A$106:$A$165-$C198)),ABS(ServerTypeA!$A$106:$A$165-$C198),0))} -> 1.4 | F198: =OFFSET($B$106,$D198-1,F$221,1,1) -> 0 | G198: =OFFSET($B$106,$D198-1,G$221,1,1) -> 0.17028919 | H198: =OFFSET($B$106,$D198-1,H$221,1,1) -> 0.68719728 | I198: =OFFSET($B$106,$D198-1,I$221,1,1) -> 0.13433897 | J198: =OFFSET($B$106,$D198-1,J$221,1,1) -> 0.0075243268 | K198: =OFFSET($B$106,$D198-1,K$221,1,1) -> 0.00062386007 | L198: =OFFSET($B$106,$D198-1,L$221,1,1) -> 2.5183896e-05 | M198: =OFFSET($B$106,$D198-1,M$221,1,1) -> 1.0803131e-06 | ... Z198: =OFFSET($B$106,$D198-1,Z$221,1,1) -> 0 | AA198: =SUMPRODUCT(F198:Z198,FailureForCPU!E$17:Y$17) -> 7.2904645e-16 | AB198: =AA198*C198 -> 1.0406784e-15 | AC198: =C198-AB198 -> 1.4274515 | AD198: =SUM(F198:Z198) -> 0.99999994
A199: 8 | B199: =B11 -> 1.6331403 | C199: =$B$188*B199 -> 1.6331403 | D199: {=MATCH(MIN(ABS(ServerTypeA!$A$106:$A$165-$C199)),ABS(ServerTypeA!$A$106:$A$165-$C199),0)} -> 16 | E199: {=INDEX(ServerTypeA!$A$106:$A$165,MATCH(MIN(ABS(ServerTypeA!$A$106:$A$165-$C199)),ABS(ServerTypeA!$A$106:$A$165-$C199),0))} -> 1.6 | F199: =OFFSET($B$106,$D199-1,F$221,1,1) -> 0 | G199: =OFFSET($B$106,$D199-1,G$221,1,1) -> 0.069856322 | H199: =OFFSET($B$106,$D199-1,H$221,1,1) -> 0.67881129 | I199: =OFFSET($B$106,$D199-1,I$221,1,1) -> 0.23277976 | J199: =OFFSET($B$106,$D199-1,J$221,1,1) -> 0.01696307 | K199: =OFFSET($B$106,$D199-1,K$221,1,1) -> 0.0015251568 | L199: =OFFSET($B$106,$D199-1,L$221,1,1) -> 6.1782662e-05 | M199: =OFFSET($B$106,$D199-1,M$221,1,1) -> 2.5017769e-06 | ... Z199: =OFFSET($B$106,$D199-1,Z$221,1,1) -> 0 | AA199: =SUMPRODUCT(F199:Z199,FailureForCPU!E$17:Y$17) -> 7.71605e-16 | AB199: =AA199*C199 -> 1.2601392e-15 | AC199: =C199-AB199 -> 1.6331403 | AD199: =SUM(F199:Z199) -> 1
A200: 9 | B200: =B12 -> 1.807974 | C200: =$B$188*B200 -> 1.807974 | D200: {=MATCH(MIN(ABS(ServerTypeA!$A$106:$A$165-$C200)),ABS(ServerTypeA!$A$106:$A$165-$C200),0)} -> 18 | E200: {=INDEX(ServerTypeA!$A$106:$A$165,MATCH(MIN(ABS(ServerTypeA!$A$106:$A$165-$C200)),ABS(ServerTypeA!$A$106:$A$165-$C200),0))} -> 1.8 | F200: =OFFSET($B$106,$D200-1,F$221,1,1) -> 0 | G200: =OFFSET($B$106,$D200-1,G$221,1,1) -> 0.023430656 | H200: =OFFSET($B$106,$D200-1,H$221,1,1) -> 0.58816894 | I200: =OFFSET($B$106,$D200-1,I$221,1,1) -> 0.3508123 | J200: =OFFSET($B$106,$D200-1,J$221,1,1) -> 0.034064132 | K200: =OFFSET($B$106,$D200-1,K$221,1,1) -> 0.0033790198 | L200: =OFFSET($B$106,$D200-1,L$221,1,1) -> 0.00013935268 | M200: =OFFSET($B$106,$D200-1,M$221,1,1) -> 5.376795e-06 | ... Z200: =OFFSET($B$106,$D200-1,Z$221,1,1) -> 0 | AA200: =SUMPRODUCT(F200:Z200,FailureForCPU!E$17:Y$17) -> 7.7067982e-16 | AB200: =AA200*C200 -> 1.393369e-15 | AC200: =C200-AB200 -> 1.807974 | AD200: =SUM(F200:Z200) -> 1
A201: 10 | B201: =B13 -> 1.9315643 | C201: =$B$188*B201 -> 1.9315643 | D201: {=MATCH(MIN(ABS(ServerTypeA!$A$106:$A$165-$C201)),ABS(ServerTypeA!$A$106:$A$165-$C201),0)} -> 19 | E201: {=INDEX(ServerTypeA!$A$106:$A$165,MATCH(MIN(ABS(ServerTypeA!$A$106:$A$165-$C201)),ABS(ServerTypeA!$A$106:$A$165-$C201),0))} -> 1.9 | F201: =OFFSET($B$106,$D201-1,F$221,1,1) -> 0 | G201: =OFFSET($B$106,$D201-1,G$221,1,1) -> 0.012621866 | H201: =OFFSET($B$106,$D201-1,H$221,1,1) -> 0.52528878 | I201: =OFFSET($B$106,$D201-1,I$221,1,1) -> 0.41072465 | J201: =OFFSET($B$106,$D201-1,J$221,1,1) -> 0.046306751 | K201: =OFFSET($B$106,$D201-1,K$221,1,1) -> 0.0048475736 | L201: =OFFSET($B$106,$D201-1,L$221,1,1) -> 0.00020243099 | M201: =OFFSET($B$106,$D201-1,M$221,1,1) -> 7.638586e-06 | ... Z201: =OFFSET($B$106,$D201-1,Z$221,1,1) -> 0 | AA201: =SUMPRODUCT(F201:Z201,FailureForCPU!E$17:Y$17) -> 7.4292424e-16 | AB201: =AA201*C201 -> 1.435006e-15 | AC201: =C201-AB201 -> 1.9315643 | AD201: =SUM(F201:Z201) -> 1
A202: 11 | B202: =B14 -> 2.0302242 | C202: =$B$188*B202 -> 2.0302242 | D202: {=MATCH(MIN(ABS(ServerTypeA!$A$106:$A$165-$C202)),ABS(ServerTypeA!$A$106:$A$165-$C202),0)} -> 20 | E202: {=INDEX(ServerTypeA!$A$106:$A$165,MATCH(MIN(ABS(ServerTypeA!$A$106:$A$165-$C202)),ABS(ServerTypeA!$A$106:$A$165-$C202),0))} -> 2 | F202: =OFFSET($B$106,$D202-1,F$221,1,1) -> 0 | G202: =OFFSET($B$106,$D202-1,G$221,1,1) -> 0.0064882559 | H202: =OFFSET($B$106,$D202-1,H$221,1,1) -> 0.45773957 | I202: =OFFSET($B$106,$D202-1,I$221,1,1) -> 0.46733226 | J202: =OFFSET($B$106,$D202-1,J$221,1,1) -> 0.061346451 | K202: =OFFSET($B$106,$D202-1,K$221,1,1) -> 0.0067946249 | L202: =OFFSET($B$106,$D202-1,L$221,1,1) -> 0.0002878067 | M202: =OFFSET($B$106,$D202-1,M$221,1,1) -> 1.0628172e-05 | ... Z202: =OFFSET($B$106,$D202-1,Z$221,1,1) -> 0 | AA202: =SUMPRODUCT(F202:Z202,FailureForCPU!E$17:Y$17) -> 6.9759013e-16 | AB202: =AA202*C202 -> 1.4162643e-15 | AC202: =C202-AB202 -> 2.0302241 | AD202: =SUM(F202:Z202) -> 1
... A214: 23 | B214: =B26 -> 0.81373062 | C214: =$B$188*B214 -> 0.81373062 | D214: {=MATCH(MIN(ABS(ServerTypeA!$A$106:$A$165-$C214)),ABS(ServerTypeA!$A$106:$A$165-$C214),0)} -> 8 | E214: {=INDEX(ServerTypeA!$A$106:$A$165,MATCH(MIN(ABS(ServerTypeA!$A$106:$A$165-$C214)),ABS(ServerTypeA!$A$106:$A$165-$C214),0))} -> 0.8 | F214: =OFFSET($B$106,$D214-1,F$221,1,1) -> 0 | G214: =OFFSET($B$106,$D214-1,G$221,1,1) -> 0.7372442 | H214: =OFFSET($B$106,$D214-1,H$221,1,1) -> 0.2489005 | I214: =OFFSET($B$106,$D214-1,I$221,1,1) -> 0.011275352 | J214: =OFFSET($B$106,$D214-1,J$221,1,1) -> 0.00038994364 | K214: =OFFSET($B$106,$D214-1,K$221,1,1) -> 3.1087425e-05 | L214: =OFFSET($B$106,$D214-1,L$221,1,1) -> 1.5021115e-06 | M214: =OFFSET($B$106,$D214-1,M$221,1,1) -> 8.8665416e-08 | ... Z214: =OFFSET($B$106,$D214-1,Z$221,1,1) -> 0 | AA214: =SUMPRODUCT(F214:Z214,FailureForCPU!E$17:Y$17) -> 1.0621134e-15 | AB214: =AA214*C214 -> 8.6427417e-16 | AC214: =C214-AB214 -> 0.81373062 | AD214: =SUM(F214:Z214) -> 0.99784267
A216: Total | B216: =SUM(B191:B214) -> 43.062665 | C216: =SUM(C191:C214) -> 43.062665 | AB216: =SUM(AB191:AB214) -> 9.7036431e-13 | AC216: =SUM(AC191:AC214) -> 43.062665
A217: Success Rate | B217: =AC216/C216 -> 1
A219: Projected Q1
A220: Growth Factor | B220: =QResults!C12/QResults!B12 -> 1.05
E221: Offset: | F221: 0 | G221: 1 | H221: 2 | I221: 3 | J221: 4 | K221: 5 | L221: 6 | M221: 7 | N221: 8 | O221: 9 | P221: 10 | Q221: 11 | R221: 12 | S221: 13 | T221: 14 | U221: 15 | V221: 16 | W221: 17 | X221: 18 | Y221: 19 | Z221: 20
A222: Hour of Day | B222: Current EPH | C222: Projected EPH | D222: Position of Closest EPH Value | E222: Closest Predicted EPH Value | F222: 0 | G222: 5 | H222: 10 | I222: 15 | J222: 20 | K222: 25 | L222: 30 | M222: 35 | N222: 40 | O222: 45 | P222: 50 | Q222: 55 | R222: 60 | S222: 65 | T222: 70 | U222: 75 | V222: 80 | W222: 85 | X222: 90 | Y222: 95 | Z222: 100 | AA222: Failure Probability | AB222: Expected Failures | AC222: Expected Success | AD222: Validate
A223: 0 | B223: =B191 -> 0.43929673 | C223: =$B$220*B223 -> 0.46126157 | D223: {=MATCH(MIN(ABS(ServerTypeA!$A$106:$A$165-$C223)),ABS(ServerTypeA!$A$106:$A$165-$C223),0)} -> 5 | E223: {=INDEX(ServerTypeA!$A$106:$A$165,MATCH(MIN(ABS(ServerTypeA!$A$106:$A$165-$C223)),ABS(ServerTypeA!$A$106:$A$165-$C223),0))} -> 0.5 | F223: =OFFSET($B$106,$D223-1,F$221,1,1) -> 0 | G223: =OFFSET($B$106,$D223-1,G$221,1,1) -> 0.86273767 | H223: =OFFSET($B$106,$D223-1,H$221,1,1) -> 0.083896145 | I223: =OFFSET($B$106,$D223-1,I$221,1,1) -> 0.0028062638 | J223: =OFFSET($B$106,$D223-1,J$221,1,1) -> 0.00010751726 | K223: =OFFSET($B$106,$D223-1,K$221,1,1) -> 1.0537665e-05 | L223: =OFFSET($B$106,$D223-1,L$221,1,1) -> 6.9501646e-07 | M223: =OFFSET($B$106,$D223-1,M$221,1,1) -> 5.7656019e-08 | ... Z223: =OFFSET($B$106,$D223-1,Z$221,1,1) -> 0 | AA223: =SUMPRODUCT(F223:Z223,FailureForCPU!E$17:Y$17) -> 6.1765408e-15 | AB223: =AA223*C223 -> 2.8490009e-15 | AC223: =C223-AB223 -> 0.46126157 | AD223: =SUM(F223:Z223) -> 0.9495589
A224: 1 | B224: =B192 -> 0.24725845 | C224: =$B$220*B224 -> 0.25962137 | D224: {=MATCH(MIN(ABS(ServerTypeA!$A$106:$A$165-$C224)),ABS(ServerTypeA!$A$106:$A$165-$C224),0)} -> 3 | E224: {=INDEX(ServerTypeA!$A$106:$A$165,MATCH(MIN(ABS(ServerTypeA!$A$106:$A$165-$C224)),ABS(ServerTypeA!$A$106:$A$165-$C224),0))} -> 0.3 | F224: =OFFSET($B$106,$D224-1,F$221,1,1) -> 0 | G224: =OFFSET($B$106,$D224-1,G$221,1,1) -> 0.76734079 | H224: =OFFSET($B$106,$D224-1,H$221,1,1) -> 0.040617994 | I224: =OFFSET($B$106,$D224-1,I$221,1,1) -> 0.0015765401 | J224: =OFFSET($B$106,$D224-1,J$221,1,1) -> 8.3090088e-05 | K224: =OFFSET($B$106,$D224-1,K$221,1,1) -> 1.1088798e-05 | L224: =OFFSET($B$106,$D224-1,L$221,1,1) -> 1.0675049e-06 | M224: =OFFSET($B$106,$D224-1,M$221,1,1) -> 1.283282e-07 | ... Z224: =OFFSET($B$106,$D224-1,Z$221,1,1) -> 3.7747583e-15 | AA224: =SUMPRODUCT(F224:Z224,FailureForCPU!E$17:Y$17) -> 1.1766976e-13 | AB224: =AA224*C224 -> 3.0549585e-14 | AC224: =C224-AB224 -> 0.25962137 | AD224: =SUM(F224:Z224) -> 0.80963072
A225: 2 | B225: =B193 -> 0.15990047 | C225: =$B$220*B225 -> 0.16789549 | D225: {=MATCH(MIN(ABS(ServerTypeA!$A$106:$A$165-$C225)),ABS(ServerTypeA!$A$106:$A$165-$C225),0)} -> 2 | E225: {=INDEX(ServerTypeA!$A$106:$A$165,MATCH(MIN(ABS(ServerTypeA!$A$106:$A$165-$C225)),ABS(ServerTypeA!$A$106:$A$165-$C225),0))} -> 0.2 | F225: =OFFSET($B$106,$D225-1,F$221,1,1) -> 0 | G225: =OFFSET($B$106,$D225-1,G$221,1,1) -> 0.66593794 | H225: =OFFSET($B$106,$D225-1,H$221,1,1) -> 0.031960043 | I225: =OFFSET($B$106,$D225-1,I$221,1,1) -> 0.0015994489 | J225: =OFFSET($B$106,$D225-1,J$221,1,1) -> 0.00011242878 | K225: =OFFSET($B$106,$D225-1,K$221,1,1) -> 1.91961e-05 | L225: =OFFSET($B$106,$D225-1,L$221,1,1) -> 2.4487933e-06 | M225: =OFFSET($B$106,$D225-1,M$221,1,1) -> 3.8368657e-07 | ... Z225: =OFFSET($B$106,$D225-1,Z$221,1,1) -> 1.4466206e-13 | AA225: =SUMPRODUCT(F225:Z225,FailureForCPU!E$17:Y$17) -> 1.5791979e-12 | AB225: =AA225*C225 -> 2.651402e-13 | AC225: =C225-AB225 -> 0.16789549 | AD225: =SUM(F225:Z225) -> 0.69963198
A226: 3 | B226: =B194 -> 0.156343 | C226: =$B$220*B226 -> 0.16416015 | D226: {=MATCH(MIN(ABS(ServerTypeA!$A$106:$A$165-$C226)),ABS(ServerTypeA!$A$106:$A$165-$C226),0)} -> 2 | E226: {=INDEX(ServerTypeA!$A$106:$A$165,MATCH(MIN(ABS(ServerTypeA!$A$106:$A$165-$C226)),ABS(ServerTypeA!$A$106:$A$165-$C226),0))} -> 0.2 | F226: =OFFSET($B$106,$D226-1,F$221,1,1) -> 0 | G226: =OFFSET($B$106,$D226-1,G$221,1,1) -> 0.66593794 | H226: =OFFSET($B$106,$D226-1,H$221,1,1) -> 0.031960043 | I226: =OFFSET($B$106,$D226-1,I$221,1,1) -> 0.0015994489 | J226: =OFFSET($B$106,$D226-1,J$221,1,1) -> 0.00011242878 | K226: =OFFSET($B$106,$D226-1,K$221,1,1) -> 1.91961e-05 | L226: =OFFSET($B$106,$D226-1,L$221,1,1) -> 2.4487933e-06 | M226: =OFFSET($B$106,$D226-1,M$221,1,1) -> 3.8368657e-07 | ... Z226: =OFFSET($B$106,$D226-1,Z$221,1,1) -> 1.4466206e-13 | AA226: =SUMPRODUCT(F226:Z226,FailureForCPU!E$17:Y$17) -> 1.5791979e-12 | AB226: =AA226*C226 -> 2.5924136e-13 | AC226: =C226-AB226 -> 0.16416015 | AD226: =SUM(F226:Z226) -> 0.69963198
A227: 4 | B227: =B195 -> 0.33371847 | C227: =$B$220*B227 -> 0.35040439 | D227: {=MATCH(MIN(ABS(ServerTypeA!$A$106:$A$165-$C227)),ABS(ServerTypeA!$A$106:$A$165-$C227),0)} -> 4 | E227: {=INDEX(ServerTypeA!$A$106:$A$165,MATCH(MIN(ABS(ServerTypeA!$A$106:$A$165-$C227)),ABS(ServerTypeA!$A$106:$A$165-$C227),0))} -> 0.4 | F227: =OFFSET($B$106,$D227-1,F$221,1,1) -> 0 | G227: =OFFSET($B$106,$D227-1,G$221,1,1) -> 0.83532783 | H227: =OFFSET($B$106,$D227-1,H$221,1,1) -> 0.057203207 | I227: =OFFSET($B$106,$D227-1,I$221,1,1) -> 0.0019655443 | J227: =OFFSET($B$106,$D227-1,J$221,1,1) -> 8.5395112e-05 | K227: =OFFSET($B$106,$D227-1,K$221,1,1) -> 9.5388457e-06 | L227: =OFFSET($B$106,$D227-1,L$221,1,1) -> 7.4234102e-07 | M227: =OFFSET($B$106,$D227-1,M$221,1,1) -> 7.2652944e-08 | ... Z227: =OFFSET($B$106,$D227-1,Z$221,1,1) -> 0 | AA227: =SUMPRODUCT(F227:Z227,FailureForCPU!E$17:Y$17) -> 2.0449383e-14 | AB227: =AA227*C227 -> 7.1655536e-15 | AC227: =C227-AB227 -> 0.35040439 | AD227: =SUM(F227:Z227) -> 0.89459234
A228: 5 | B228: =B196 -> 0.89391525 | C228: =$B$220*B228 -> 0.93861101 | D228: {=MATCH(MIN(ABS(ServerTypeA!$A$106:$A$165-$C228)),ABS(ServerTypeA!$A$106:$A$165-$C228),0)} -> 9 | E228: {=INDEX(ServerTypeA!$A$106:$A$165,MATCH(MIN(ABS(ServerTypeA!$A$106:$A$165-$C228)),ABS(ServerTypeA!$A$106:$A$165-$C228),0))} -> 0.9 | F228: =OFFSET($B$106,$D228-1,F$221,1,1) -> 0 | G228: =OFFSET($B$106,$D228-1,G$221,1,1) -> 0.64788743 | H228: =OFFSET($B$106,$D228-1,H$221,1,1) -> 0.33264207 | I228: =OFFSET($B$106,$D228-1,I$221,1,1) -> 0.018220068 | J228: =OFFSET($B$106,$D228-1,J$221,1,1) -> 0.0006504195 | K228: =OFFSET($B$106,$D228-1,K$221,1,1) -> 5.0559487e-05 | L228: =OFFSET($B$106,$D228-1,L$221,1,1) -> 2.2992096e-06 | M228: =OFFSET($B$106,$D228-1,M$221,1,1) -> 1.2555877e-07 | ... Z228: =OFFSET($B$106,$D228-1,Z$221,1,1) -> 0 | AA228: =SUMPRODUCT(F228:Z228,FailureForCPU!E$17:Y$17) -> 8.502458e-16 | AB228: =AA228*C228 -> 7.9805007e-16 | AC228: =C228-AB228 -> 0.93861101 | AD228: =SUM(F228:Z228) -> 0.99945298
A229: 6 | B229: =B197 -> 1.2472559 | C229: =$B$220*B229 -> 1.3096187 | D229: {=MATCH(MIN(ABS(ServerTypeA!$A$106:$A$165-$C229)),ABS(ServerTypeA!$A$106:$A$165-$C229),0)} -> 13 | E229: {=INDEX(ServerTypeA!$A$106:$A$165,MATCH(MIN(ABS(ServerTypeA!$A$106:$A$165-$C229)),ABS(ServerTypeA!$A$106:$A$165-$C229),0))} -> 1.3 | F229: =OFFSET($B$106,$D229-1,F$221,1,1) -> 0 | G229: =OFFSET($B$106,$D229-1,G$221,1,1) -> 0.24598925 | H229: =OFFSET($B$106,$D229-1,H$221,1,1) -> 0.65226018 | I229: =OFFSET($B$106,$D229-1,I$221,1,1) -> 0.096544656 | J229: =OFFSET($B$106,$D229-1,J$221,1,1) -> 0.0048031733 | K229: =OFFSET($B$106,$D229-1,K$221,1,1) -> 0.00038585634 | L229: =OFFSET($B$106,$D229-1,L$221,1,1) -> 1.5673134e-05 | M229: =OFFSET($B$106,$D229-1,M$221,1,1) -> 6.9597972e-07 | ... Z229: =OFFSET($B$106,$D229-1,Z$221,1,1) -> 0 | AA229: =SUMPRODUCT(F229:Z229,FailureForCPU!E$17:Y$17) -> 7.0406643e-16 | AB229: =AA229*C229 -> 9.2205854e-16 | AC229: =C229-AB229 -> 1.3096187 | AD229: =SUM(F229:Z229) -> 0.99999952
A230: 7 | B230: =B198 -> 1.4274515 | C230: =$B$220*B230 -> 1.498824 | D230: {=MATCH(MIN(ABS(ServerTypeA!$A$106:$A$165-$C230)),ABS(ServerTypeA!$A$106:$A$165-$C230),0)} -> 15 | E230: {=INDEX(ServerTypeA!$A$106:$A$165,MATCH(MIN(ABS(ServerTypeA!$A$106:$A$165-$C230)),ABS(ServerTypeA!$A$106:$A$165-$C230),0))} -> 1.5 | F230: =OFFSET($B$106,$D230-1,F$221,1,1) -> 0 | G230: =OFFSET($B$106,$D230-1,G$221,1,1) -> 0.11190933 | H230: =OFFSET($B$106,$D230-1,H$221,1,1) -> 0.69550716 | I230: =OFFSET($B$106,$D230-1,I$221,1,1) -> 0.18009223 | J230: =OFFSET($B$106,$D230-1,J$221,1,1) -> 0.011462603 | K230: =OFFSET($B$106,$D230-1,K$221,1,1) -> 0.00098711866 | L230: =OFFSET($B$106,$D230-1,L$221,1,1) -> 3.9827293e-05 | M230: =OFFSET($B$106,$D230-1,M$221,1,1) -> 1.6572985e-06 | ... Z230: =OFFSET($B$106,$D230-1,Z$221,1,1) -> 0 | AA230: =SUMPRODUCT(F230:Z230,FailureForCPU!E$17:Y$17) -> 7.5402647e-16 | AB230: =AA230*C230 -> 1.130153e-15 | AC230: =C230-AB230 -> 1.498824 | AD230: =SUM(F230:Z230) -> 0.99999999
A231: 8 | B231: =B199 -> 1.6331403 | C231: =$B$220*B231 -> 1.7147973 | D231: {=MATCH(MIN(ABS(ServerTypeA!$A$106:$A$165-$C231)),ABS(ServerTypeA!$A$106:$A$165-$C231),0)} -> 17 | E231: {=INDEX(ServerTypeA!$A$106:$A$165,MATCH(MIN(ABS(ServerTypeA!$A$106:$A$165-$C231)),ABS(ServerTypeA!$A$106:$A$165-$C231),0))} -> 1.7 | F231: =OFFSET($B$106,$D231-1,F$221,1,1) -> 0 | G231: =OFFSET($B$106,$D231-1,G$221,1,1) -> 0.04146303 | H231: =OFFSET($B$106,$D231-1,H$221,1,1) -> 0.64122709 | I231: =OFFSET($B$106,$D231-1,I$221,1,1) -> 0.29053065 | J231: =OFFSET($B$106,$D231-1,J$221,1,1) -> 0.024382888 | K231: =OFFSET($B$106,$D231-1,K$221,1,1) -> 0.0022986485 | L231: =OFFSET($B$106,$D231-1,L$221,1,1) -> 9.3823014e-05 | M231: =OFFSET($B$106,$D231-1,M$221,1,1) -> 3.7055642e-06 | ... Z231: =OFFSET($B$106,$D231-1,Z$221,1,1) -> 0 | AA231: =SUMPRODUCT(F231:Z231,FailureForCPU!E$17:Y$17) -> 7.7900649e-16 | AB231: =AA231*C231 -> 1.3358382e-15 | AC231: =C231-AB231 -> 1.7147973 | AD231: =SUM(F231:Z231) -> 1
A232: 9 | B232: =B200 -> 1.807974 | C232: =$B$220*B232 -> 1.8983727 | D232: {=MATCH(MIN(ABS(ServerTypeA!$A$106:$A$165-$C232)),ABS(ServerTypeA!$A$106:$A$165-$C232),0)} -> 19 | E232: {=INDEX(ServerTypeA!$A$106:$A$165,MATCH(MIN(ABS(ServerTypeA!$A$106:$A$165-$C232)),ABS(ServerTypeA!$A$106:$A$165-$C232),0))} -> 1.9 | F232: =OFFSET($B$106,$D232-1,F$221,1,1) -> 0 | G232: =OFFSET($B$106,$D232-1,G$221,1,1) -> 0.012621866 | H232: =OFFSET($B$106,$D232-1,H$221,1,1) -> 0.52528878 | I232: =OFFSET($B$106,$D232-1,I$221,1,1) -> 0.41072465 | J232: =OFFSET($B$106,$D232-1,J$221,1,1) -> 0.046306751 | K232: =OFFSET($B$106,$D232-1,K$221,1,1) -> 0.0048475736 | L232: =OFFSET($B$106,$D232-1,L$221,1,1) -> 0.00020243099 | M232: =OFFSET($B$106,$D232-1,M$221,1,1) -> 7.638586e-06 | ... Z232: =OFFSET($B$106,$D232-1,Z$221,1,1) -> 0 | AA232: =SUMPRODUCT(F232:Z232,FailureForCPU!E$17:Y$17) -> 7.4292424e-16 | AB232: =AA232*C232 -> 1.4103471e-15 | AC232: =C232-AB232 -> 1.8983727 | AD232: =SUM(F232:Z232) -> 1
A233: 10 | B233: =B201 -> 1.9315643 | C233: =$B$220*B233 -> 2.0281425 | D233: {=MATCH(MIN(ABS(ServerTypeA!$A$106:$A$165-$C233)),ABS(ServerTypeA!$A$106:$A$165-$C233),0)} -> 20 | E233: {=INDEX(ServerTypeA!$A$106:$A$165,MATCH(MIN(ABS(ServerTypeA!$A$106:$A$165-$C233)),ABS(ServerTypeA!$A$106:$A$165-$C233),0))} -> 2 | F233: =OFFSET($B$106,$D233-1,F$221,1,1) -> 0 | G233: =OFFSET($B$106,$D233-1,G$221,1,1) -> 0.0064882559 | H233: =OFFSET($B$106,$D233-1,H$221,1,1) -> 0.45773957 | I233: =OFFSET($B$106,$D233-1,I$221,1,1) -> 0.46733226 | J233: =OFFSET($B$106,$D233-1,J$221,1,1) -> 0.061346451 | K233: =OFFSET($B$106,$D233-1,K$221,1,1) -> 0.0067946249 | L233: =OFFSET($B$106,$D233-1,L$221,1,1) -> 0.0002878067 | M233: =OFFSET($B$106,$D233-1,M$221,1,1) -> 1.0628172e-05 | ... Z233: =OFFSET($B$106,$D233-1,Z$221,1,1) -> 0 | AA233: =SUMPRODUCT(F233:Z233,FailureForCPU!E$17:Y$17) -> 6.9759013e-16 | AB233: =AA233*C233 -> 1.4148122e-15 | AC233: =C233-AB233 -> 2.0281425 | AD233: =SUM(F233:Z233) -> 1
A234: 11 | B234: =B202 -> 2.0302242 | C234: =$B$220*B234 -> 2.1317354 | D234: {=MATCH(MIN(ABS(ServerTypeA!$A$106:$A$165-$C234)),ABS(ServerTypeA!$A$106:$A$165-$C234),0)} -> 21 | E234: {=INDEX(ServerTypeA!$A$106:$A$165,MATCH(MIN(ABS(ServerTypeA!$A$106:$A$165-$C234)),ABS(ServerTypeA!$A$106:$A$165-$C234),0))} -> 2.1 | F234: =OFFSET($B$106,$D234-1,F$221,1,1) -> 0 | G234: =OFFSET($B$106,$D234-1,G$221,1,1) -> 0.0031846624 | H234: =OFFSET($B$106,$D234-1,H$221,1,1) -> 0.38977687 | I234: =OFFSET($B$106,$D234-1,I$221,1,1) -> 0.51796219 | J234: =OFFSET($B$106,$D234-1,J$221,1,1) -> 0.079340939 | K234: =OFFSET($B$106,$D234-1,K$221,1,1) -> 0.0093193138 | L234: =OFFSET($B$106,$D234-1,L$221,1,1) -> 0.00040100499 | M234: =OFFSET($B$106,$D234-1,M$221,1,1) -> 1.4498329e-05 | ... Z234: =OFFSET($B$106,$D234-1,Z$221,1,1) -> 0 | AA234: =SUMPRODUCT(F234:Z234,FailureForCPU!E$17:Y$17) -> 6.3930343e-16 | AB234: =AA234*C234 -> 1.3628257e-15 | AC234: =C234-AB234 -> 2.1317354 | AD234: =SUM(F234:Z234) -> 1
... A246: 23 | B246: =B214 -> 0.81373062 | C246: =$B$220*B246 -> 0.85441716 | D246: {=MATCH(MIN(ABS(ServerTypeA!$A$106:$A$165-$C246)),ABS(ServerTypeA!$A$106:$A$165-$C246),0)} -> 9 | E246: {=INDEX(ServerTypeA!$A$106:$A$165,MATCH(MIN(ABS(ServerTypeA!$A$106:$A$165-$C246)),ABS(ServerTypeA!$A$106:$A$165-$C246),0))} -> 0.9 | F246: =OFFSET($B$106,$D246-1,F$221,1,1) -> 0 | G246: =OFFSET($B$106,$D246-1,G$221,1,1) -> 0.64788743 | H246: =OFFSET($B$106,$D246-1,H$221,1,1) -> 0.33264207 | I246: =OFFSET($B$106,$D246-1,I$221,1,1) -> 0.018220068 | J246: =OFFSET($B$106,$D246-1,J$221,1,1) -> 0.0006504195 | K246: =OFFSET($B$106,$D246-1,K$221,1,1) -> 5.0559487e-05 | L246: =OFFSET($B$106,$D246-1,L$221,1,1) -> 2.2992096e-06 | M246: =OFFSET($B$106,$D246-1,M$221,1,1) -> 1.2555877e-07 | ... Z246: =OFFSET($B$106,$D246-1,Z$221,1,1) -> 0 | AA246: =SUMPRODUCT(F246:Z246,FailureForCPU!E$17:Y$17) -> 8.502458e-16 | AB246: =AA246*C246 -> 7.264646e-16 | AC246: =C246-AB246 -> 0.85441716 | AD246: =SUM(F246:Z246) -> 0.99945298
A248: Total | B248: =SUM(B223:B246) -> 43.062665 | C248: =SUM(C223:C246) -> 45.215798 | AB248: =SUM(AB223:AB246) -> 7.2803374e-13 | AC248: =SUM(AC223:AC246) -> 45.215798
A249: Success Rate | B249: =AC248/C248 -> 1
A251: Projected Q2
A252: Growth Factor | B252: =QResults!D12/QResults!B12 -> 1.0404463
E253: Offset: | F253: 0 | G253: 1 | H253: 2 | I253: 3 | J253: 4 | K253: 5 | L253: 6 | M253: 7 | N253: 8 | O253: 9 | P253: 10 | Q253: 11 | R253: 12 | S253: 13 | T253: 14 | U253: 15 | V253: 16 | W253: 17 | X253: 18 | Y253: 19 | Z253: 20
A254: Hour of Day | B254: Current EPH | C254: Projected EPH | D254: Position of Closest EPH Value | E254: Closest Predicted EPH Value | F254: 0 | G254: 5 | H254: 10 | I254: 15 | J254: 20 | K254: 25 | L254: 30 | M254: 35 | N254: 40 | O254: 45 | P254: 50 | Q254: 55 | R254: 60 | S254: 65 | T254: 70 | U254: 75 | V254: 80 | W254: 85 | X254: 90 | Y254: 95 | Z254: 100 | AA254: Failure Probability | AB254: Expected Failures | AC254: Expected Success | AD254: Validate
A255: 0 | B255: =B191 -> 0.43929673 | C255: =$B$252*B255 -> 0.45706465 | D255: {=MATCH(MIN(ABS(ServerTypeA!$A$106:$A$165-$C255)),ABS(ServerTypeA!$A$106:$A$165-$C255),0)} -> 5 | E255: {=INDEX(ServerTypeA!$A$106:$A$165,MATCH(MIN(ABS(ServerTypeA!$A$106:$A$165-$C255)),ABS(ServerTypeA!$A$106:$A$165-$C255),0))} -> 0.5 | F255: =OFFSET($B$106,$D255-1,F$221,1,1) -> 0 | G255: =OFFSET($B$106,$D255-1,G$221,1,1) -> 0.86273767 | H255: =OFFSET($B$106,$D255-1,H$221,1,1) -> 0.083896145 | I255: =OFFSET($B$106,$D255-1,I$221,1,1) -> 0.0028062638 | J255: =OFFSET($B$106,$D255-1,J$221,1,1) -> 0.00010751726 | K255: =OFFSET($B$106,$D255-1,K$221,1,1) -> 1.0537665e-05 | L255: =OFFSET($B$106,$D255-1,L$221,1,1) -> 6.9501646e-07 | M255: =OFFSET($B$106,$D255-1,M$221,1,1) -> 5.7656019e-08 | ... Z255: =OFFSET($B$106,$D255-1,Z$221,1,1) -> 0 | AA255: =SUMPRODUCT(F255:Z255,FailureForCPU!E$17:Y$17) -> 6.1765408e-15 | AB255: =AA255*C255 -> 2.8230784e-15 | AC255: =C255-AB255 -> 0.45706465 | AD255: =SUM(F255:Z255) -> 0.9495589
A256: 1 | B256: =B192 -> 0.24725845 | C256: =$B$252*B256 -> 0.25725913 | D256: {=MATCH(MIN(ABS(ServerTypeA!$A$106:$A$165-$C256)),ABS(ServerTypeA!$A$106:$A$165-$C256),0)} -> 3 | E256: {=INDEX(ServerTypeA!$A$106:$A$165,MATCH(MIN(ABS(ServerTypeA!$A$106:$A$165-$C256)),ABS(ServerTypeA!$A$106:$A$165-$C256),0))} -> 0.3 | F256: =OFFSET($B$106,$D256-1,F$221,1,1) -> 0 | G256: =OFFSET($B$106,$D256-1,G$221,1,1) -> 0.76734079 | H256: =OFFSET($B$106,$D256-1,H$221,1,1) -> 0.040617994 | I256: =OFFSET($B$106,$D256-1,I$221,1,1) -> 0.0015765401 | J256: =OFFSET($B$106,$D256-1,J$221,1,1) -> 8.3090088e-05 | K256: =OFFSET($B$106,$D256-1,K$221,1,1) -> 1.1088798e-05 | L256: =OFFSET($B$106,$D256-1,L$221,1,1) -> 1.0675049e-06 | M256: =OFFSET($B$106,$D256-1,M$221,1,1) -> 1.283282e-07 | ... Z256: =OFFSET($B$106,$D256-1,Z$221,1,1) -> 3.7747583e-15 | AA256: =SUMPRODUCT(F256:Z256,FailureForCPU!E$17:Y$17) -> 1.1766976e-13 | AB256: =AA256*C256 -> 3.0271621e-14 | AC256: =C256-AB256 -> 0.25725913 | AD256: =SUM(F256:Z256) -> 0.80963072
A257: 2 | B257: =B193 -> 0.15990047 | C257: =$B$252*B257 -> 0.16636784 | D257: {=MATCH(MIN(ABS(ServerTypeA!$A$106:$A$165-$C257)),ABS(ServerTypeA!$A$106:$A$165-$C257),0)} -> 2 | E257: {=INDEX(ServerTypeA!$A$106:$A$165,MATCH(MIN(ABS(ServerTypeA!$A$106:$A$165-$C257)),ABS(ServerTypeA!$A$106:$A$165-$C257),0))} -> 0.2 | F257: =OFFSET($B$106,$D257-1,F$221,1,1) -> 0 | G257: =OFFSET($B$106,$D257-1,G$221,1,1) -> 0.66593794 | H257: =OFFSET($B$106,$D257-1,H$221,1,1) -> 0.031960043 | I257: =OFFSET($B$106,$D257-1,I$221,1,1) -> 0.0015994489 | J257: =OFFSET($B$106,$D257-1,J$221,1,1) -> 0.00011242878 | K257: =OFFSET($B$106,$D257-1,K$221,1,1) -> 1.91961e-05 | L257: =OFFSET($B$106,$D257-1,L$221,1,1) -> 2.4487933e-06 | M257: =OFFSET($B$106,$D257-1,M$221,1,1) -> 3.8368657e-07 | ... Z257: =OFFSET($B$106,$D257-1,Z$221,1,1) -> 1.4466206e-13 | AA257: =SUMPRODUCT(F257:Z257,FailureForCPU!E$17:Y$17) -> 1.5791979e-12 | AB257: =AA257*C257 -> 2.6272775e-13 | AC257: =C257-AB257 -> 0.16636784 | AD257: =SUM(F257:Z257) -> 0.69963198
A258: 3 | B258: =B194 -> 0.156343 | C258: =$B$252*B258 -> 0.16266649 | D258: {=MATCH(MIN(ABS(ServerTypeA!$A$106:$A$165-$C258)),ABS(ServerTypeA!$A$106:$A$165-$C258),0)} -> 2 | E258: {=INDEX(ServerTypeA!$A$106:$A$165,MATCH(MIN(ABS(ServerTypeA!$A$106:$A$165-$C258)),ABS(ServerTypeA!$A$106:$A$165-$C258),0))} -> 0.2 | F258: =OFFSET($B$106,$D258-1,F$221,1,1) -> 0 | G258: =OFFSET($B$106,$D258-1,G$221,1,1) -> 0.66593794 | H258: =OFFSET($B$106,$D258-1,H$221,1,1) -> 0.031960043 | I258: =OFFSET($B$106,$D258-1,I$221,1,1) -> 0.0015994489 | J258: =OFFSET($B$106,$D258-1,J$221,1,1) -> 0.00011242878 | K258: =OFFSET($B$106,$D258-1,K$221,1,1) -> 1.91961e-05 | L258: =OFFSET($B$106,$D258-1,L$221,1,1) -> 2.4487933e-06 | M258: =OFFSET($B$106,$D258-1,M$221,1,1) -> 3.8368657e-07 | ... Z258: =OFFSET($B$106,$D258-1,Z$221,1,1) -> 1.4466206e-13 | AA258: =SUMPRODUCT(F258:Z258,FailureForCPU!E$17:Y$17) -> 1.5791979e-12 | AB258: =AA258*C258 -> 2.5688258e-13 | AC258: =C258-AB258 -> 0.16266649 | AD258: =SUM(F258:Z258) -> 0.69963198
A259: 4 | B259: =B195 -> 0.33371847 | C259: =$B$252*B259 -> 0.34721613 | D259: {=MATCH(MIN(ABS(ServerTypeA!$A$106:$A$165-$C259)),ABS(ServerTypeA!$A$106:$A$165-$C259),0)} -> 3 | E259: {=INDEX(ServerTypeA!$A$106:$A$165,MATCH(MIN(ABS(ServerTypeA!$A$106:$A$165-$C259)),ABS(ServerTypeA!$A$106:$A$165-$C259),0))} -> 0.3 | F259: =OFFSET($B$106,$D259-1,F$221,1,1) -> 0 | G259: =OFFSET($B$106,$D259-1,G$221,1,1) -> 0.76734079 | H259: =OFFSET($B$106,$D259-1,H$221,1,1) -> 0.040617994 | I259: =OFFSET($B$106,$D259-1,I$221,1,1) -> 0.0015765401 | J259: =OFFSET($B$106,$D259-1,J$221,1,1) -> 8.3090088e-05 | K259: =OFFSET($B$106,$D259-1,K$221,1,1) -> 1.1088798e-05 | L259: =OFFSET($B$106,$D259-1,L$221,1,1) -> 1.0675049e-06 | M259: =OFFSET($B$106,$D259-1,M$221,1,1) -> 1.283282e-07 | ... Z259: =OFFSET($B$106,$D259-1,Z$221,1,1) -> 3.7747583e-15 | AA259: =SUMPRODUCT(F259:Z259,FailureForCPU!E$17:Y$17) -> 1.1766976e-13 | AB259: =AA259*C259 -> 4.085684e-14 | AC259: =C259-AB259 -> 0.34721613 | AD259: =SUM(F259:Z259) -> 0.80963072
...
